audio_id,category,audio_file,transcript_file,human_label,asr_transcript,normalized_human,normalized_asr,wer,status,refined_reason
RB_0094,branch_code,branch_code/RB_0094.wav,branch_code/RB_0094.txt,121,921.,121,921,1.0,success,Contains numeric or text branch code only
RB_0158,branch_name_and_code,branch_name_and_code/RB_0158.wav,branch_name_and_code/RB_0158.txt,300 | مول أرامكو,319، مول أرامكو.,300 مول ارامكو,319، مول ارامكو,0.3333,success,Contains both branch location/name and code details
RB_0414,branch_name,branch_name/RB_0414.wav,branch_name/RB_0414.txt,شارع | حراء | شارع حراء. حراء,حراء. شارع حراء. شارع حراء. حراء.,شارع حراء شارع حراء حراء,حراء شارع حراء شارع حراء حراء,0.2,success,Contains specific branch name or location
RB_0350,branch_name,branch_name/RB_0350.wav,branch_name/RB_0350.txt,الأرض | خاوية | الطاوية | الطاوية | الطاوية | الطاوية | الطاوية | الطاوية,الأرطاوية، الأرطاوية، الأرطاوية، الأرطاوية، الأرطاوية، العرعر، الأرطاوية.,الارض خاويه الطاويه الطاويه الطاويه الطاويه الطاويه الطاويه,الارطاوية، الارطاوية، الارطاوية، الارطاوية، الارطاوية، العرعر، الارطاوية,1.0,success,Contains specific branch name or location
RB_0286,branch_name_and_code,branch_name_and_code/RB_0286.wav,branch_name_and_code/RB_0286.txt,506. مدينة الملك فيصل العسكرية,506، مدينة الملك فيصل العسكرية.,506 مدينه الملك فيصل العسكريه,506، مدينه الملك فيصل العسكرية,0.4,success,Contains both branch location/name and code details
RB_0222,branch_name_and_code,branch_name_and_code/RB_0222.wav,branch_name_and_code/RB_0222.txt,307. الفيصلية,347، الفيصلية.,307 الفيصليه,347، الفيصلية,1.0,success,Contains both branch location/name and code details
RB_0095,branch_code,branch_code/RB_0095.wav,branch_code/RB_0095.txt,123,320.,123,320,1.0,success,Contains numeric or text branch code only
RB_0287,branch_name_and_code,branch_name_and_code/RB_0287.wav,branch_name_and_code/RB_0287.txt,اسمي | وسبعة | النعمان | خمس مئة | وسبعة,507، النعمان. 507.,اسمي 7 النعمان 112,507، النعمان 507,0.75,success,Contains both branch location/name and code details
RB_0351,branch_name,branch_name/RB_0351.wav,branch_name/RB_0351.txt,الرسم | الرس | الرأس | فرع | الرس | الرس,الرس، الرس، الرس. الرس، الرس، الرس. الرس فرع الرس. الرس.,الرسم الرس الراس فرع الرس الرس,الرس، الرس، الرس الرس، الرس، الرس الرس فرع الرس الرس,1.0,success,Contains specific branch name or location
RB_0223,branch_name_and_code,branch_name_and_code/RB_0223.wav,branch_name_and_code/RB_0223.txt,338 | ألواح | الدمام,348، الواحد، دمام.,338 الواح الدمام,348، الواحد، دمام,1.0,success,Contains both branch location/name and code details
RB_0159,branch_name_and_code,branch_name_and_code/RB_0159.wav,branch_name_and_code/RB_0159.txt,ثلاثمائة | وتسعة عشر | قاعدة | الجبيل البحرية,319 قاعدة الجبيل البحرية.,319 قاعده الجبيل البحريه,319 قاعده الجبيل البحرية,0.25,success,Contains both branch location/name and code details
RB_0478,branch_name,branch_name/RB_0478.wav,branch_name/RB_0478.txt,سوق | برزان | الرئيسي | بريدة | الرئيسي | حفر | الباطن | حايل | المنطقة | الصناعية | بحائل | حائل | الجابرية | عنيزة | رياض | الخضراء | رياض | الخبراء,سوق برزان. بريد الرئيسي. بريد الرئيسي. حفر الباطن. حايل. المنطقة الصناعية بحائل. حائل. الجابرية. عنيزة. رياض الخبرة. رياض الخبرة.,سوق برزان الرئيسي بريده الرئيسي حفر الباطن حايل المنطقه الصناعيه بحائل حائل الجابريه عنيزه رياض الخضراء رياض الخبراء,سوق برزان بريد الرئيسي بريد الرئيسي حفر الباطن حايل المنطقه الصناعيه بحائل حائل الجابرية عنيزة رياض الخبرة رياض الخبرة,0.3333,success,Contains specific branch name or location
RB_0032,branch_name,branch_name/RB_0032.wav,branch_name/RB_0032.txt,قتلك فرع العليا,فرع العليا.,قتلك فرع العليا,فرع العليا,0.3333,success,Contains specific branch name or location
RB_0415,branch_name,branch_name/RB_0415.wav,branch_name/RB_0415.txt,أرصفة | الرصيف | رصيف | الرصيفة,الرصيفة. الرصيفة. الرصيفة. الرصيفة.,ارصفه الرصيف رصيف الرصيفه,الرصيفة الرصيفة الرصيفة الرصيفة,1.0,success,Contains specific branch name or location
RB_0096,branch_code,branch_code/RB_0096.wav,branch_code/RB_0096.txt,فرع 123,فرع 123.,فرع 123,فرع 123,0.0,success,Contains numeric or text branch code only
RB_0160,branch_name_and_code,branch_name_and_code/RB_0160.wav,branch_name_and_code/RB_0160.txt,320 | قاعدة | الجبيل البحرية,320، قاعدة الجبيل البحرية.,320 قاعده الجبيل البحريه,320، قاعده الجبيل البحرية,0.5,success,Contains both branch location/name and code details
RB_0224,branch_name,branch_name/RB_0224.wav,branch_name/RB_0224.txt,الواحة. الدمام,148، الواحة، الدمام.,الواحة الدمام,148، الواحة، الدمام,1.0,success,Contains specific branch name or location
RB_0001,branch_code,branch_code/RB_0001.wav,branch_code/RB_0001.txt,احد سبعة ستة,176.,176,176,0.0,success,Contains numeric or text branch code only
RB_0288,branch_name_and_code,branch_name_and_code/RB_0288.wav,branch_name_and_code/RB_0288.txt,ثمانية | نجران | وثمانية | خمسمئة وثمانية,8، نجران. 508. 508. صحيح.,8 نجران 516,8، نجران 508 508 صحيح,1.3333,success,Contains both branch location/name and code details
RB_0352,branch_name,branch_name/RB_0352.wav,branch_name/RB_0352.txt,المجمعة | المجمعة | المجمعة | المجمعة | فرع المجمعة,المجمعة، المجمعة، المجمعة، المجمعة. فرع المجمعة.,المجمعه المجمعه المجمعه المجمعه فرع المجمعه,المجمعة، المجمعة، المجمعة، المجمعة فرع المجمعة,0.8333,success,Contains specific branch name or location
RB_0416,branch_name,branch_name/RB_0416.wav,branch_name/RB_0416.txt,الفلاح | الفلاح. الفلاح,الفلاح. الفلاح. الفلاح.,الفلاح الفلاح الفلاح,الفلاح الفلاح الفلاح,0.0,success,Contains specific branch name or location
RB_0480,branch_name,branch_name/RB_0480.wav,branch_name/RB_0480.txt,الزلفي | البكيرية | الخالدية | البحيرة | الريان,آه، الزلفي. الكارية. الخالدية. البحيرة. الريان.,الزلفي البكيريه الخالديه البحيره الريان,اه، الزلفي الكارية الخالدية البحيرة الريان,0.8,success,Contains specific branch name or location
RB_0097,branch_code,branch_code/RB_0097.wav,branch_code/RB_0097.txt,144,124.,144,124,1.0,success,Contains numeric or text branch code only
RB_0161,branch_code,branch_code/RB_0161.wav,branch_code/RB_0161.txt,تلتمية | واحد | وعشرين | طريق | الملك عبد | العزيز,321، طريق الملك عبدالعزيز.,تلتميه 21 طريق الملك عبد العزيز,321، طريق الملك عبدالعزيز,0.6667,success,Contains numeric or text branch code only
RB_0225,branch_name_and_code,branch_name_and_code/RB_0225.wav,branch_name_and_code/RB_0225.txt,ثلاثمائة | وثمانية وأربعين. الواحة. الدمام,348، الواحد، دمام.,348 الواحة الدمام,348، الواحد، دمام,1.0,success,Contains both branch location/name and code details
RB_0289,branch_name_and_code,branch_name_and_code/RB_0289.wav,branch_name_and_code/RB_0289.txt,خمسمية وثمانية نجران,508، نجران.,خمسميه 8 نجران,508، نجران,0.6667,success,Contains both branch location/name and code details
RB_0353,branch_name,branch_name/RB_0353.wav,branch_name/RB_0353.txt,الدوادمي | الدوادمي | الدوادمي | الدوادمي,الدوادمي. الدوادمي. الدوادمي. الدوادمي. الدوادمي.,الدوادمي الدوادمي الدوادمي الدوادمي,الدوادمي الدوادمي الدوادمي الدوادمي الدوادمي,0.25,success,Contains specific branch name or location
RB_0417,branch_name,branch_name/RB_0417.wav,branch_name/RB_0417.txt,هي | شراء | . أي | شراء | أي | شراء | أي | . الشرائع | الشرائع,أيش؟ أيش شرائع؟ أيش شرائع؟ أيش شرائع؟ أيش شرائع؟ شرائع.,هي شراء اي شراء اي شراء اي الشرائع الشرائع,ايش؟ ايش شرائع؟ ايش شرائع؟ ايش شرائع؟ ايش شرائع؟ شرائع,1.1111,success,Contains specific branch name or location
RB_0162,branch_code,branch_code/RB_0162.wav,branch_code/RB_0162.txt,فرست | 121 | طريق | الملك | عبد العزيز,321، طريق الملك عبدالعزيز.,فرست 121 طريق الملك عبد العزيز,321، طريق الملك عبدالعزيز,0.6667,success,Contains numeric or text branch code only
RB_0098,branch_code,branch_code/RB_0098.wav,branch_code/RB_0098.txt,فرع 128,228.,فرع 128,228,1.0,success,Contains numeric or text branch code only
RB_0290,branch_name_and_code,branch_name_and_code/RB_0290.wav,branch_name_and_code/RB_0290.txt,خمسمئة | وتسعة | ست في | العناية | سبت | العناية,509، سبت العلايا. سبت العلايا.,515 في العنايه سبت العنايه,509، سبت العلايا سبت العلايا,0.8,success,Contains both branch location/name and code details
RB_0418,branch_name,branch_name/RB_0418.wav,branch_name/RB_0418.txt,الشراء | شراء | أي شراء,الشرائع. حي الشرائع. حي الشرائع.,الشراء شراء اي شراء,الشرائع حي الشرائع حي الشرائع,1.25,success,Contains specific branch name or location
RB_0354,branch_name_and_code,branch_name_and_code/RB_0354.wav,branch_name_and_code/RB_0354.txt,الغاط | الغاط | الغاط | 613 الغاط,الغاط. الغاط. الغاط. الغاط. الغاط. 613، الغاط.,الغاط الغاط الغاط 613 الغاط,الغاط الغاط الغاط الغاط الغاط 613، الغاط,0.6,success,Contains both branch location/name and code details
RB_0003,branch_code,branch_code/RB_0003.wav,branch_code/RB_0003.txt,رع 307,307.,رع 307,307,0.5,success,Contains numeric or text branch code only
RB_0227,branch_name_and_code,branch_name_and_code/RB_0227.wav,branch_name_and_code/RB_0227.txt,399 الراكة,349، الراكة. تفضل.,399 الراكه,349، الراكة تفضل,1.5,success,Contains both branch location/name and code details
RB_0099,branch_code,branch_code/RB_0099.wav,branch_code/RB_0099.txt,فرع 130,فرع 130.,فرع 130,فرع 130,0.0,success,Contains numeric or text branch code only
RB_0163,branch_name_and_code,branch_name_and_code/RB_0163.wav,branch_name_and_code/RB_0163.txt,تلتمية | واثنين | وعشرين | الكلوية,322 الجلوية.,تلتميه 22 الكلويه,322 الجلوية,1.0,success,Contains both branch location/name and code details
RB_0291,branch_name_and_code,branch_name_and_code/RB_0291.wav,branch_name_and_code/RB_0291.txt,الشعور | خمسمية وعشرة. شرورة,لا، شرورة. 510 شرورة.,الشعور خمسميه وعشرة شروره,لا، شرورة 510 شرورة,1.0,success,Contains both branch location/name and code details
RB_0419,branch_name,branch_name/RB_0419.wav,branch_name/RB_0419.txt,البساتين | البساتين. البساتين,البساتين. البساتين. البساتين.,البساتين البساتين البساتين,البساتين البساتين البساتين,0.0,success,Contains specific branch name or location
RB_0483,branch_name,branch_name/RB_0483.wav,branch_name/RB_0483.txt,فرع | برايد | الرئيسي | برايد | الرئيسي | بريدة | الرئيسي | فرع بريدة الرئيسي,فرع بريدة الرئيسي. بريدة الرئيسي. بريدة الرئيسي. فرع بريدة الرئيسي.,فرع برايد الرئيسي برايد الرئيسي بريده الرئيسي فرع بريده الرئيسي,فرع بريده الرئيسي بريده الرئيسي بريده الرئيسي فرع بريده الرئيسي,0.2,success,Contains specific branch name or location
RB_0100,branch_code,branch_code/RB_0100.wav,branch_code/RB_0100.txt,واحد أربعة سبعة,147.,147,147,0.0,success,Contains numeric or text branch code only
RB_0164,branch_name_and_code,branch_name_and_code/RB_0164.wav,branch_name_and_code/RB_0164.txt,ثلاثمئة | واثنين | . الكلوية,322 ألف لُوية.,302 الكلويه,322 الف لوية,1.5,success,Contains both branch location/name and code details
RB_0292,branch_name_and_code,branch_name_and_code/RB_0292.wav,branch_name_and_code/RB_0292.txt,فصلية | 511. الفيصلية,الفيصلية. 511 الفيصلية.,فصليه 511 الفيصليه,الفيصلية 511 الفيصلية,0.6667,success,Contains both branch location/name and code details
RB_0356,branch_name,branch_name/RB_0356.wav,branch_name/RB_0356.txt,الباحة | الباحة | الباحة. الباحة,ها. الباحة. الباحة. الباحة. الباحة.,الباحه الباحه الباحة الباحه,ها الباحة الباحة الباحة الباحة,1.0,success,Contains specific branch name or location
RB_0228,branch_name_and_code,branch_name_and_code/RB_0228.wav,branch_name_and_code/RB_0228.txt,الريان | 150 | ثلاثمئة وخمسين,150 الريان. 350. 350.,الريان 150 350,150 الريان 350 350,0.6667,success,Contains both branch location/name and code details
RB_0420,branch_name,branch_name/RB_0420.wav,branch_name/RB_0420.txt,مركز | مبيعات جدة. مركز مبيعات جدة,جدة. مركز مبيعات جدة. مركز مبيعات جدة.,مركز مبيعات جدة مركز مبيعات جده,جدة مركز مبيعات جدة مركز مبيعات جدة,0.3333,success,Contains specific branch name or location
RB_0101,branch_code,branch_code/RB_0101.wav,branch_code/RB_0101.txt,فرع 147,147.,فرع 147,147,0.5,success,Contains numeric or text branch code only
RB_0165,branch_name_and_code,branch_name_and_code/RB_0165.wav,branch_name_and_code/RB_0165.txt,ثلاثمائة | وثلاثة | وعشرون | الجبيل الصناعية,323، الجبيل الصناعية.,323 الجبيل الصناعيه,323، الجبيل الصناعية,0.6667,success,Contains both branch location/name and code details
RB_0229,branch_name_and_code,branch_name_and_code/RB_0229.wav,branch_name_and_code/RB_0229.txt,350. الريان,1150، الريان.,350 الريان,1150، الريان,0.5,success,Contains both branch location/name and code details
RB_0484,branch_name,branch_name/RB_0484.wav,branch_name/RB_0484.txt,بريدها الرئيسي,بريده الرئيسي.,بريدها الرئيسي,بريده الرئيسي,0.5,success,Contains specific branch name or location
RB_0005,branch_name,branch_name/RB_0005.wav,branch_name/RB_0005.txt,الفرع الرئيسي,الفرع الرئيسي.,الفرع الرئيسي,الفرع الرئيسي,0.0,success,Contains specific branch name or location
RB_0357,branch_name,branch_name/RB_0357.wav,branch_name/RB_0357.txt,حب في | العناية | . ثبت | علميا | سبت | العلاج | سبت. العليا,سبت العلايا. سبت العلايا. سبت العلايا. سبت العلايا.,حب في العنايه ثبت علميا سبت العلاج سبت العليا,سبت العلايا سبت العلايا سبت العلايا سبت العلايا,0.7778,success,Contains specific branch name or location
RB_0293,branch_name_and_code,branch_name_and_code/RB_0293.wav,branch_name_and_code/RB_0293.txt,تعش | صبيا | 513,16 صبيا. 513.,تعش صبيا 513,16 صبيا 513,0.3333,success,Contains both branch location/name and code details
RB_0421,branch_name,branch_name/RB_0421.wav,branch_name/RB_0421.txt,الرياضة | الرئيسي | الرياضة | الرئيسي | الرياض الرئيسي,الرياض الرئيسي. الرياض الرئيسي. الرياض الرئيسي.,الرياضه الرئيسي الرياضه الرئيسي الرياض الرئيسي,الرياض الرئيسي الرياض الرئيسي الرياض الرئيسي,0.3333,success,Contains specific branch name or location
RB_0485,branch_name,branch_name/RB_0485.wav,branch_name/RB_0485.txt,بريدة الرئيسي,بريده الرئيسي.,بريده الرئيسي,بريده الرئيسي,0.0,success,Contains specific branch name or location
RB_0038,branch_name,branch_name/RB_0038.wav,branch_name/RB_0038.txt,فرع الرياض,فرع الرياض.,فرع الرياض,فرع الرياض,0.0,success,Contains specific branch name or location
RB_0102,branch_code,branch_code/RB_0102.wav,branch_code/RB_0102.txt,149,149.,149,149,0.0,success,Contains numeric or text branch code only
RB_0358,branch_code,branch_code/RB_0358.wav,branch_code/RB_0358.txt,ثلاثمائة وواحد,301.,301,301,0.0,success,Contains numeric or text branch code only
RB_0230,branch_code,branch_code/RB_0230.wav,branch_code/RB_0230.txt,رسميا | المزروعي | ثلاثمائة | وواحد | وخمسين | المزروعي,351 المزروعية. 351 المزروعية.,رسميا المزروعي 351 المزروعي,351 المزروعية 351 المزروعية,0.75,success,Contains numeric or text branch code only
RB_0166,branch_name_and_code,branch_name_and_code/RB_0166.wav,branch_name_and_code/RB_0166.txt,رسمية | و24 | العيون,324 العيون.,رسميه و24 العيون,324 العيون,0.6667,success,Contains both branch location/name and code details
RB_0294,branch_name_and_code,branch_name_and_code/RB_0294.wav,branch_name_and_code/RB_0294.txt,داعش | أرباحا | 514. البارحة,14 الباحة. 514 الباحة.,داعش ارباحا 514 البارحه,14 الباحة 514 الباحة,0.75,success,Contains both branch location/name and code details
RB_0422,branch_name,branch_name/RB_0422.wav,branch_name/RB_0422.txt,المدارس | الملز | الملف | الملاذ | الملف,الملز. الملز. الملز. الملز. الملز.,المدارس الملز الملف الملاذ الملف,الملز الملز الملز الملز الملز,0.8,success,Contains specific branch name or location
RB_0167,branch_name,branch_name/RB_0167.wav,branch_name/RB_0167.txt,السنية | أسد | تاروت,326. تاروت.,السنيه اسد تاروت,326 تاروت,0.6667,success,Contains specific branch name or location
RB_0103,branch_code,branch_code/RB_0103.wav,branch_code/RB_0103.txt,مية وتسعة واربعين,149.,149,149,0.0,success,Contains numeric or text branch code only
RB_0231,branch_code,branch_code/RB_0231.wav,branch_code/RB_0231.txt,352,352.,352,352,0.0,success,Contains numeric or text branch code only
RB_0295,branch_name_and_code,branch_name_and_code/RB_0295.wav,branch_name_and_code/RB_0295.txt,115 | بلجرشي | 515,515، بلجرشي. 515.,115 بلجرشي 515,515، بلجرشي 515,0.3333,success,Contains both branch location/name and code details
RB_0423,branch_name,branch_name/RB_0423.wav,branch_name/RB_0423.txt,المتحف | البطحاء | الذبحة | المضحك | المضحك | المضحك,البطحه. البطحه. البطحه. البطحه. البطحه. البطحه.,المتحف البطحاء الذبحه المضحك المضحك المضحك,البطحه البطحه البطحه البطحه البطحه البطحه,1.0,success,Contains specific branch name or location
RB_0359,branch_name,branch_name/RB_0359.wav,branch_name/RB_0359.txt,جد | الرئيس | . جد | الرئيس | جدها | الرئيس | جد | الرئيس | جدها الرئيس,جدة الرئيسي، جدة الرئيسي، جدة الرئيسي. جدة الرئيسي، جدة الرئيسي.,جد الرئيس جد الرئيس جدها الرئيس جد الرئيس جدها الرئيس,جده الرئيسي، جده الرئيسي، جده الرئيسي جده الرئيسي، جده الرئيسي,1.0,success,Contains specific branch name or location
RB_0487,branch_name,branch_name/RB_0487.wav,branch_name/RB_0487.txt,بريدة الرئيسي | الطاوية | الدرس | . المجمعة | المجمعة | الدوادمي | الغاط | السليل | الباحة | سبت | العليا | جدة الرئيسي. الشرفية. الكندرة,أمم... بريد الرئيسي: الأرطاوية، الرس، المجم- المجمعة، الدوادمي، الغاب، السليل، الباحة، ثبت العلاية، جدة الرئيسي، الشرفية، الكندرة.,بريده الرئيسي الطاويه الدرس المجمعه المجمعه الدوادمي الغاط السليل الباحه سبت العليا جده الرئيسي الشرفية الكندره,امم بريد الرئيسي الارطاوية، الرس، المجم المجمعة، الدوادمي، الغاب، السليل، الباحة، ثبت العلاية، جده الرئيسي، الشرفية، الكندرة,0.9375,success,Contains specific branch name or location
RB_0008,branch_name,branch_name/RB_0008.wav,branch_name/RB_0008.txt,فرع جدة الرئيسي,فرع الشريفة.,فرع جده الرئيسي,فرع الشريفة,0.6667,success,Contains specific branch name or location
RB_0168,branch_name_and_code,branch_name_and_code/RB_0168.wav,branch_name_and_code/RB_0168.txt,ثلاث | مئة | وستة | وعشرين | تاروت,326 كاروت.,129 تاروت,326 كاروت,1.0,success,Contains both branch location/name and code details
RB_0040,branch_code,branch_code/RB_0040.wav,branch_code/RB_0040.txt,ثلاثمائة وثلاثة,303.,303,303,0.0,success,Contains numeric or text branch code only
RB_0104,branch_code,branch_code/RB_0104.wav,branch_code/RB_0104.txt,فرع 150,850.,فرع 150,850,1.0,success,Contains numeric or text branch code only
RB_0296,branch_name_and_code,branch_name_and_code/RB_0296.wav,branch_name_and_code/RB_0296.txt,515. بلجرشي,515 بلجرشي.,515 بلجرشي,515 بلجرشي,0.0,success,Contains both branch location/name and code details
RB_0360,branch_name,branch_name/RB_0360.wav,branch_name/RB_0360.txt,الشفيع | الشرفية | الشرفية | الشرفية | الشرفية,الشرفية. الشرفية. الشرفية. الشرفية. الشرفية.,الشفيع الشرفيه الشرفيه الشرفيه الشرفيه,الشرفية الشرفية الشرفية الشرفية الشرفية,1.0,success,Contains specific branch name or location
RB_0488,branch_name_and_code,branch_name_and_code/RB_0488.wav,branch_name_and_code/RB_0488.txt,كلامك | الرئيسي | . صفحة | الكزاز | واحد | قباء | حي | المحجر | ألمع | المعابد | رابغ | الحبيبية | تربة | الحوية,مكّا الرئيسي، طرحة القزاز، أحد، غبا، حي المحجر، المعابده، رابغ، العتيبيه، تربه، الحويه.,كلامك الرئيسي صفحه الكزاز 1 قباء حي المحجر المع المعابد رابغ الحبيبيه تربه الحويه,مكا الرئيسي، طرحه القزاز، احد، غبا، حي المحجر، المعابده، رابغ، العتيبيه، تربه، الحويه,0.8571,success,Contains both branch location/name and code details
RB_0041,branch_code,branch_code/RB_0041.wav,branch_code/RB_0041.txt,فرع 303,فرع 310.,فرع 303,فرع 310,0.5,success,Contains numeric or text branch code only
RB_0105,branch_code,branch_code/RB_0105.wav,branch_code/RB_0105.txt,فرع مية واثنين وخمسين,فرع 152.,فرع 152,فرع 152,0.0,success,Contains numeric or text branch code only
RB_0169,branch_name_and_code,branch_name_and_code/RB_0169.wav,branch_name_and_code/RB_0169.txt,360 | تاروت,326 تاروت.,360 تاروت,326 تاروت,0.5,success,Contains both branch location/name and code details
RB_0233,branch_code,branch_code/RB_0233.wav,branch_code/RB_0233.txt,المنازلة | المنازلة | مائة | واثنين | وخمسين | ثلاث مئة | واثنين | وخمسين | المنازلة,352 المنازلة. 352 المنازلة. 352. 352 المنازلة.,المنازله المنازله 307 المنازله,352 المنازلة 352 المنازلة 352 352 المنازلة,1.75,success,Contains numeric or text branch code only
RB_0297,branch_name_and_code,branch_name_and_code/RB_0297.wav,branch_name_and_code/RB_0297.txt,316 وادي | الدواسر | 516 | 516. وادي الدواسر,516 وادي الدواسر. 516. 516 وادي الدواسر.,316 وادي الدواسر 516 516 وادي الدواسر,516 وادي الدواسر 516 516 وادي الدواسر,0.1429,success,Contains both branch location/name and code details
RB_0361,branch_name,branch_name/RB_0361.wav,branch_name/RB_0361.txt,ألكسندر | كالدر | الكندرة | الكندرة,الكندرة. الكندرة. الكندرة. الكندرة.,الكسندر كالدر الكندره الكندره,الكندرة الكندرة الكندرة الكندرة,1.0,success,Contains specific branch name or location
RB_0042,branch_code,branch_code/RB_0042.wav,branch_code/RB_0042.txt,مئة وأربعة,آه، 104.,104,اه، 104,1.0,success,Contains numeric or text branch code only
RB_0489,branch_name,branch_name/RB_0489.wav,branch_name/RB_0489.txt,مكة. الرئيسي. طرحة القزاز. أحد,مكة الرئيسي، برحة القزاز، أحد.,مكة الرئيسي طرحه القزاز 1,مكه الرئيسي، برحه القزاز، 1,0.8,success,Contains specific branch name or location
RB_0106,branch_code,branch_code/RB_0106.wav,branch_code/RB_0106.txt,163,آه، 163.,163,اه، 163,1.0,success,Contains numeric or text branch code only
RB_0170,branch_name_and_code,branch_name_and_code/RB_0170.wav,branch_name_and_code/RB_0170.txt,فلا | اسمية | ابن | خلدون,327 ابن خلدون.,فلا اسميه ابن خلدون,327 ابن خلدون,0.5,success,Contains both branch location/name and code details
RB_0234,branch_code,branch_code/RB_0234.wav,branch_code/RB_0234.txt,شرفني | المنازلة | ثلاثمائة واثنين وخمسين,352 المنازلة. 352. 352.,شرفني المنازله 352,352 المنازلة 352 352,1.0,success,Contains numeric or text branch code only
RB_0298,branch_name_and_code,branch_name_and_code/RB_0298.wav,branch_name_and_code/RB_0298.txt,وادي | الدواسر 516,وادي الدواسر. 516.,وادي الدواسر 516,وادي الدواسر 516,0.0,success,Contains both branch location/name and code details
RB_0490,branch_name,branch_name/RB_0490.wav,branch_name/RB_0490.txt,المعبدة,المحاسبة.,المعبده,المحاسبة,1.0,success,Contains specific branch name or location
RB_0362,branch_name,branch_name/RB_0362.wav,branch_name/RB_0362.txt,مكة | الرئيسي | مكة | الرئيسي | مكة الرئيسي,مكة الرئيسي. مكة الرئيسي. مكة الرئيسي.,مكه الرئيسي مكه الرئيسي مكه الرئيسي,مكه الرئيسي مكه الرئيسي مكه الرئيسي,0.0,success,Contains specific branch name or location
RB_0011,branch_name,branch_name/RB_0011.wav,branch_name/RB_0011.txt,بنك الرياض,بنك الرياض.,بنك الرياض,بنك الرياض,0.0,success,Contains specific branch name or location
RB_0043,branch_name,branch_name/RB_0043.wav,branch_name/RB_0043.txt,فرع مكة,مطار مكة.,فرع مكه,مطار مكة,1.0,success,Contains specific branch name or location
RB_0235,branch_code,branch_code/RB_0235.wav,branch_code/RB_0235.txt,ترى | 333 | الشارع | الأول | 333,353 الشارع الأول، 353.,تري 333 الشارع الاول 333,353 الشارع الاول، 353,0.8,success,Contains numeric or text branch code only
RB_0107,branch_code,branch_code/RB_0107.wav,branch_code/RB_0107.txt,167,167.,167,167,0.0,success,Contains numeric or text branch code only
RB_0171,branch_name_and_code,branch_name_and_code/RB_0171.wav,branch_name_and_code/RB_0171.txt,ثلاثمئة | وسبعة وعشرين. ابن خلدون,327 ابن خلدون.,327 ابن خلدون,327 ابن خلدون,0.0,success,Contains both branch location/name and code details
RB_0491,branch_name,branch_name/RB_0491.wav,branch_name/RB_0491.txt,بدر | طريق | الميناء | حي | التحلية | السري | الرصيفة | حي | الشرائع | الرياض الرئيسي | الملز | البطحاء. الخرج. شقرا. السليمانية,بدر، طريق المينا، حي التحلية، السري، الرصيفة، حي الشرائع، الرياض الرئيسي، الملز، البطحا، الخرج، شقرة، السليمانية.,بدر طريق الميناء حي التحليه السري الرصيفه حي الشرائع الرياض الرئيسي الملز البطحاء الخرج شقرا السليمانيه,بدر، طريق المينا، حي التحلية، السري، الرصيفة، حي الشرائع، الرياض الرئيسي، الملز، البطحا، الخرج، شقرة، السليمانية,0.75,success,Contains specific branch name or location
RB_0299,branch_code,branch_code/RB_0299.wav,branch_code/RB_0299.txt,517 | السلام,517، سليمة. سليمة.,517 السلام,517، سليمة سليمة,1.5,success,Contains numeric or text branch code only
RB_0427,branch_name_and_code,branch_name_and_code/RB_0427.wav,branch_name_and_code/RB_0427.txt,ثمانية | سليمانية | ثمانية | سليمانية | السليمانية | السليمانية,سليمانية. سليمانية. سليمانية. سليمانية. سليمانية. سليمانية. سليمانية.,8 سليمانيه 8 سليمانيه السليمانيه السليمانيه,سليمانية سليمانية سليمانية سليمانية سليمانية سليمانية سليمانية,1.1667,success,Contains both branch location/name and code details
RB_0108,branch_code,branch_code/RB_0108.wav,branch_code/RB_0108.txt,ميه وثمانين,آه، 180.,180,اه، 180,1.0,success,Contains numeric or text branch code only
RB_0236,branch_code,branch_code/RB_0236.wav,branch_code/RB_0236.txt,مئة | وأربعة | وخمسين | الفواتير,154 فناتير.,154 الفواتير,154 فناتير,0.5,success,Contains numeric or text branch code only
RB_0172,branch_name_and_code,branch_name_and_code/RB_0172.wav,branch_name_and_code/RB_0172.txt,رسميا | قرية | العليا | 325 | قرية | العليا,328، قرية العليا. 328، قرية العليا. 328.,رسميا قريه العليا 325 قريه العليا,328، قريه العليا 328، قريه العليا 328,0.5,success,Contains both branch location/name and code details
RB_0300,branch_name_and_code,branch_name_and_code/RB_0300.wav,branch_name_and_code/RB_0300.txt,518. السوق التجاري,518، السوق التجاري.,518 السوق التجاري,518، السوق التجاري,0.3333,success,Contains both branch location/name and code details
RB_0492,branch_name,branch_name/RB_0492.wav,branch_name/RB_0492.txt,لبن | التخصصي | السويدي | القويعية | الرمة | عرقة | العريقة | المروج | الندى | نمار | الجبال | الجليدية. المركبات المزروعة,لبن التخصصي السويدي، القويعية، الظرمة، عرقه، العريجة، المروج، الندى، النمار، الجبيل، الجلوية، المريكبات، المزروعية.,لبن التخصصي السويدي القويعيه الرمه عرقه العريقه المروج الندي نمار الجبال الجليدية المركبات المزروعه,لبن التخصصي السويدي، القويعية، الظرمة، عرقه، العريجة، المروج، الندى، النمار، الجبيل، الجلوية، المريكبات، المزروعية,0.8571,success,Contains specific branch name or location
RB_0045,branch_name,branch_name/RB_0045.wav,branch_name/RB_0045.txt,أنا عند فرع جده الرئيسي وأبي اتكلم مع المدير الحين,أنا عند فرع جدة الرئيسي، وبتكلم مع المدير الحين.,انا عند فرع جده الرئيسي وابي اتكلم مع المدير الحين,انا عند فرع جده الرئيسي، وبتكلم مع المدير الحين,0.3,success,Contains specific branch name or location
RB_0109,branch_code,branch_code/RB_0109.wav,branch_code/RB_0109.txt,184,184.,184,184,0.0,success,Contains numeric or text branch code only
RB_0301,branch_name_and_code,branch_name_and_code/RB_0301.wav,branch_name_and_code/RB_0301.txt,أبو | عريش | 520,120، أبو عريش. 520.,ابو عريش 520,120، ابو عريش 520,0.3333,success,Contains both branch location/name and code details
RB_0173,branch_name_and_code,branch_name_and_code/RB_0173.wav,branch_name_and_code/RB_0173.txt,ثلاثمئة | وثمانية | وعشرين | قرية | العليا | وثمانية | وعشرين,328، قرية العليا. 328.,328 قريه العليا 28,328، قريه العليا 328,0.5,success,Contains both branch location/name and code details
RB_0429,branch_name,branch_name/RB_0429.wav,branch_name/RB_0429.txt,المهنية | العليا | . العليا | العليا | العليا,العليا. العليا. العليا. العليا. العليا.,المهنيه العليا العليا العليا العليا,العليا العليا العليا العليا العليا,0.2,success,Contains specific branch name or location
RB_0237,branch_code,branch_code/RB_0237.wav,branch_code/RB_0237.txt,رسمية | الخدمات | المصرفية | الخاصة | ثلاثمئة | وخمسة | وخمسين,355، الخدمات المصرفية الخاصة. 355.,رسميه الخدمات المصرفيه الخاصه 355,355، الخدمات المصرفيه الخاصة 355,0.4,success,Contains numeric or text branch code only
RB_0493,branch_name,branch_name/RB_0493.wav,branch_name/RB_0493.txt,المنازلة | الفناتير | النعيرية | العلي | النماص | رياض الخبراء | أبها | القريات. حقل ضبا,النيزلة، الفناتير، النعيرية، العلية، النماص، رياض الخبرة، أبهى، القريات، حقل، ضبى.,المنازله الفناتير النعيريه العلي النماص رياض الخبراء ابها القريات حقل ضبا,النيزلة، الفناتير، النعيرية، العلية، النماص، رياض الخبرة، ابهى، القريات، حقل، ضبى,0.9091,success,Contains specific branch name or location
RB_0110,branch_code,branch_code/RB_0110.wav,branch_code/RB_0110.txt,فرع 183,فرع 183.,فرع 183,فرع 183,0.0,success,Contains numeric or text branch code only
RB_0238,branch_name_and_code,branch_name_and_code/RB_0238.wav,branch_name_and_code/RB_0238.txt,306 | الخزامى | ثلاثمئة | وخمسين,356 الخزامى. 356. 356.,306 الخزامي 350,356 الخزامى 356 356,1.3333,success,Contains both branch location/name and code details
RB_0302,branch_name_and_code,branch_name_and_code/RB_0302.wav,branch_name_and_code/RB_0302.txt,خميس | مشيط | طريق | الملك | فهد | 321,52، 55، طريق الملك فهد 521.,خميس مشيط طريق الملك فهد 321,52، 55، طريق الملك فهد 521,0.5,success,Contains both branch location/name and code details
RB_0111,branch_code,branch_code/RB_0111.wav,branch_code/RB_0111.txt,185,185.,185,185,0.0,success,Contains numeric or text branch code only
RB_0303,branch_name_and_code,branch_name_and_code/RB_0303.wav,branch_name_and_code/RB_0303.txt,خميس | مشيط. طريق | الملك | فهد | 521,50، 21، خميس مشيط، طريق الملك فهد. 521.,خميس مشيط طريق الملك فهد 521,50، 21، خميس مشيط، طريق الملك فهد 521,0.5,success,Contains both branch location/name and code details
RB_0016,branch_name,branch_name/RB_0016.wav,branch_name/RB_0016.txt,فرع كورنيش الدمام,فرع كنيس النمام.,فرع كورنيش الدمام,فرع كنيس النمام,0.6667,success,Contains specific branch name or location
RB_0239,branch_name_and_code,branch_name_and_code/RB_0239.wav,branch_name_and_code/RB_0239.txt,356 | 303 | 354 | النعيرية | العزيزية | الخزامى | الفواتير,356. 303. 354. العيرية. العزيزية. الخزامى. الفناتير.,356 303 354 النعيريه العزيزيه الخزامي الفواتير,356 303 354 العيرية العزيزية الخزامى الفناتير,0.5714,success,Contains both branch location/name and code details
RB_0112,branch_name,branch_name/RB_0112.wav,branch_name/RB_0112.txt,طريق الحرمين,طريق الحرمين...,طريق الحرمين,طريق الحرمين,0.0,success,Contains specific branch name or location
RB_0175,branch_code,branch_code/RB_0175.wav,branch_code/RB_0175.txt,ثلاثة | اثنين | ثمانية | ثلاثمائة وثمانية | وعشرين | اثنين. ثمانية | وعشرين,328. 328. 328.,371,328 328 328,3.0,success,Contains numeric or text branch code only
RB_0176,branch_code,branch_code/RB_0176.wav,branch_code/RB_0176.txt,واحد. صفر. أربعة,104.,104,104,0.0,success,Contains numeric or text branch code only
RB_0240,branch_code,branch_code/RB_0240.wav,branch_code/RB_0240.txt,خمسين | ثلاثمائة | وثلاثة | ثلاثمائة وأربعة وخمسين,50. 303. 354.,707,50 303 354,3.0,success,Contains numeric or text branch code only
RB_0368,branch_name,branch_name/RB_0368.wav,branch_name/RB_0368.txt,ينبع | ينبع | ينبع,ينبع. ينبع. ينبع.,ينبع ينبع ينبع,ينبع ينبع ينبع,0.0,success,Contains specific branch name or location
RB_0304,branch_code,branch_code/RB_0304.wav,branch_code/RB_0304.txt,الماس | 23 | أنماط | 523. أنماط,20 نماص. 523 أنماص. 523 أنماص.,الماس 23 انماط 523 انماط,20 نماص 523 انماص 523 انماص,1.0,success,Contains numeric or text branch code only
RB_0495,branch_name,branch_name/RB_0495.wav,branch_name/RB_0495.txt,الأرض | خاوية | الرأس | سبت | العليا | مكة | الرئيسي | طرحة | القزاز | أحد | المعابد | المعابد | العتيبة | العريقة | الجبيل | الكلوية | المركبات | المزروعة | المنازل العليا,آه، الأرطاوية، الرس، سبت العلايا، مكة الرئيسي، برحة القزاز، أحد، المعابدة، العتيبيه، ظرمه، العريجه، الجبيل، الجلويه، المريكبات، المزروعيه، المنيزله، العليه.,الارض خاويه الراس سبت العليا مكه الرئيسي طرحه القزاز 1 المعابد المعابد العتيبه العريقه الجبيل الكلويه المركبات المزروعه المنازل العليا,اه، الارطاوية، الرس، سبت العلايا، مكه الرئيسي، برحه القزاز، احد، المعابدة، العتيبيه، ظرمه، العريجه، الجبيل، الجلويه، المريكبات، المزروعيه، المنيزله، العليه,0.9,success,Contains specific branch name or location
RB_0113,branch_name,branch_name/RB_0113.wav,branch_name/RB_0113.txt,فرع الرصيفة,فرع الرصيفة.,فرع الرصيفه,فرع الرصيفة,0.5,success,Contains specific branch name or location
RB_0496,branch_name,branch_name/RB_0496.wav,branch_name/RB_0496.txt,الأب | طاوي | الرس | سبت | مكة | الرئيسي | طرحة | القزاز | أحد | المعابد | العتيبي | أضرم | العريجاء | . الجبيل | الكلوية | المريكبات | المزروعية | النازلة | الفناتير العليا,الأرطاوية، الرس، سبت العلايا، مكة الرئيسي، برحة القزاز، أحد، المعابدة، العتيبيّة، الظرمى، العريجة، الجبيل، الجلوية، المريكبات، المزروعية، المنيزلة، الفناتير، العلية.,الاب طاوي الرس سبت مكه الرئيسي طرحه القزاز 1 المعابد العتيبي اضرم العريجاء الجبيل الكلويه المريكبات المزروعيه النازله الفناتير العليا,الارطاوية، الرس، سبت العلايا، مكه الرئيسي، برحه القزاز، احد، المعابدة، العتيبية، الظرمى، العريجة، الجبيل، الجلوية، المريكبات، المزروعية، المنيزلة، الفناتير، العلية,0.95,success,Contains specific branch name or location
RB_0177,branch_name_and_code,branch_name_and_code/RB_0177.wav,branch_name_and_code/RB_0177.txt,28 | قرية | العليا,28، قرية العليا.,28 قريه العليا,28، قريه العليا,0.3333,success,Contains both branch location/name and code details
RB_0369,branch_name,branch_name/RB_0369.wav,branch_name/RB_0369.txt,العوالي | المدينة | المنورة | العوالي | المدينة | المنورة | العوالي,العوادي، المدينة المنورة. العوادي، المدينة المنورة. العوادي.,العوالي المدينه المنوره العوالي المدينه المنوره العوالي,العوادي، المدينه المنورة العوادي، المدينه المنورة العوادي,0.7143,success,Contains specific branch name or location
RB_0241,branch_name_and_code,branch_name_and_code/RB_0241.wav,branch_name_and_code/RB_0241.txt,ثلاثمائة | وخمسين. النعيرية,357، العيرية.,350 النعيريه,357، العيرية,1.0,success,Contains both branch location/name and code details
RB_0433,branch_code,branch_code/RB_0433.wav,branch_code/RB_0433.txt,واحد. اثنين | . ثلاثة. ثلاثة. أربعة. خمسة,1، 2، 3، 3، 4، 5.,12 ثلاثة ثلاثة اربعة 5,1، 2، 3، 3، 4، 5,1.0,success,Contains numeric or text branch code only
RB_0497,branch_name,branch_name/RB_0497.wav,branch_name/RB_0497.txt,الأرض | الارطاوية | الأرض | زاوية,الأرطاوية. الأرطاوية.,الارض الارطاويه الارض زاويه,الارطاوية الارطاوية,1.0,success,Contains specific branch name or location
RB_0305,branch_name_and_code,branch_name_and_code/RB_0305.wav,branch_name_and_code/RB_0305.txt,23 | النماص | 523 النماص,23، النماص. 523، النماص.,23 النماص 523 النماص,23، النماص 523، النماص,0.5,success,Contains both branch location/name and code details
RB_0114,branch_name,branch_name/RB_0114.wav,branch_name/RB_0114.txt,الرصيفة,رصيفه.,الرصيفه,رصيفه,1.0,success,Contains specific branch name or location
RB_0178,branch_name,branch_name/RB_0178.wav,branch_name/RB_0178.txt,سأسميه | قرية | العلي,328، قرية العليا.,ساسميه قريه العلي,328، قريه العليا,0.6667,success,Contains specific branch name or location
RB_0306,branch_name_and_code,branch_name_and_code/RB_0306.wav,branch_name_and_code/RB_0306.txt,مئة | وخمسة | وعشرين | محايل | 325,125 محايل. 525.,125 محايل 325,125 محايل 525,0.3333,success,Contains both branch location/name and code details
RB_0498,branch_name,branch_name/RB_0498.wav,branch_name/RB_0498.txt,الأمطار | قوية | الرس | سبت | العليا | الارطاوية | الارطاوية,الأرطاوية، الرس، سبت العلايا. الأرطاوية. الأرطاوية.,الامطار قويه الرس سبت العليا الارطاويه الارطاويه,الارطاوية، الرس، سبت العلايا الارطاوية الارطاوية,0.8571,success,Contains specific branch name or location
RB_0115,branch_code,branch_code/RB_0115.wav,branch_code/RB_0115.txt,ميتين و واحد,2001.,200 و 1,2001,1.0,success,Contains numeric or text branch code only
RB_0179,branch_name_and_code,branch_name_and_code/RB_0179.wav,branch_name_and_code/RB_0179.txt,فلسطينيو | 48 | قرية | العلي,328، قرية العليا.,فلسطينيو 48 قريه العلي,328، قريه العليا,0.75,success,Contains both branch location/name and code details
RB_0307,branch_name_and_code,branch_name_and_code/RB_0307.wav,branch_name_and_code/RB_0307.txt,خمس مائة | وخمسة | وعشرين محايل,525 محاير.,130 محايل,525 محاير,1.0,success,Contains both branch location/name and code details
RB_0243,branch_code,branch_code/RB_0243.wav,branch_code/RB_0243.txt,339 | العلي | العلي,359 العليا. العليا.,339 العلي العلي,359 العليا العليا,1.0,success,Contains numeric or text branch code only
RB_0020,branch_name,branch_name/RB_0020.wav,branch_name/RB_0020.txt,ما أعرف الفرع بس فرع الدمام,ما أعرف الفرع، بس فرع الدمام.,ما اعرف الفرع بس فرع الدمام,ما اعرف الفرع، بس فرع الدمام,0.1667,success,Contains specific branch name or location
RB_0116,branch_name_and_code,branch_name_and_code/RB_0116.wav,branch_name_and_code/RB_0116.txt,307. راس تنورة,307، راس النورة.,307 راس تنوره,307، راس النورة,0.6667,success,Contains both branch location/name and code details
RB_0244,branch_code,branch_code/RB_0244.wav,branch_code/RB_0244.txt,لكن | 309 | العلي,359 العليا.,لكن 309 العلي,359 العليا,1.0,success,Contains numeric or text branch code only
RB_0308,branch_name_and_code,branch_name_and_code/RB_0308.wav,branch_name_and_code/RB_0308.txt,ستة | وعشرين | العريشة | 526,26، العريشة. 526.,26 العريشه 526,26، العريشة 526,0.6667,success,Contains both branch location/name and code details
RB_0180,branch_name_and_code,branch_name_and_code/RB_0180.wav,branch_name_and_code/RB_0180.txt,328 قرية العليا,328، قرية العليا.,328 قريه العليا,328، قريه العليا,0.3333,success,Contains both branch location/name and code details
RB_0021,branch_name,branch_name/RB_0021.wav,branch_name/RB_0021.txt,طيب انتو كم فرع عندكم في الدمام,طيب، أنت كم فتره عندكم في الدمام؟,طيب انتو كم فرع عندكم في الدمام,طيب، انت كم فتره عندكم في الدمام؟,0.5714,success,Contains specific branch name or location
RB_0500,branch_name,branch_name/RB_0500.wav,branch_name/RB_0500.txt,الأرض | زاوية | الرس | سبت | . مكة | الرئيسي | فرحة | القزاز | أحد | المعابد | العتيبي | رمى | العريقة | الجبيل | الجوية | المركبات | المزروعة | النازلة العليا,الأرطاوية، الرس، سبت العلايا، مكة الرئيسي، برحة القزاز، أحد، المعابدة، العتيبيّة، ظرمة، العريجة، الجبيل، الجلوية، المريكبات، المزروعية، المنيزلة، العلية.,الارض زاويه الرس سبت مكه الرئيسي فرحه القزاز 1 المعابد العتيبي رمي العريقه الجبيل الجويه المركبات المزروعه النازله العليا,الارطاوية، الرس، سبت العلايا، مكه الرئيسي، برحه القزاز، احد، المعابدة، العتيبية، ظرمة، العريجة، الجبيل، الجلوية، المريكبات، المزروعية، المنيزلة، العلية,0.9474,success,Contains specific branch name or location
RB_0181,branch_name_and_code,branch_name_and_code/RB_0181.wav,branch_name_and_code/RB_0181.txt,20 | الهفوف | الصناعية,20، الهفوف الصناعية. 329.,20 الهفوف الصناعيه,20، الهفوف الصناعية 329,1.0,success,Contains both branch location/name and code details
RB_0245,branch_code,branch_code/RB_0245.wav,branch_code/RB_0245.txt,اضغط | ثلاثمائة وتسعة وخمسين لعلي,359، العليا. 我昨晚给的提示没事。,اضغط 359 لعلي,359، العليا 我昨晚给的提示没事,1.0,success,Contains numeric or text branch code only
RB_0022,branch_name,branch_name/RB_0022.wav,branch_name/RB_0022.txt,ابي فروع الدمام,أبي، سوري، الدمام.,ابي فروع الدمام,ابي، سوري، الدمام,0.6667,success,Contains specific branch name or location
RB_0309,branch_code,branch_code/RB_0309.wav,branch_code/RB_0309.txt,ستمية | واحد | 601,غاب. 601 الغاب. 601 الغاب. الغاب.,601 601,غاب 601 الغاب 601 الغاب الغاب,2.0,success,Contains numeric or text branch code only
RB_0437,branch_code,branch_code/RB_0437.wav,branch_code/RB_0437.txt,20,سويدي. سويدي. سويدي. سويدي. سويدي.,20,سويدي سويدي سويدي سويدي سويدي,5.0,success,Contains numeric or text branch code only
RB_0246,branch_code,branch_code/RB_0246.wav,branch_code/RB_0246.txt,ثلاثمائة وخمسين لعلي,359، العليا.,350 لعلي,359، العليا,1.0,success,Contains numeric or text branch code only
RB_0054,branch_name,branch_name/RB_0054.wav,branch_name/RB_0054.txt,كم فرع اسمه فرع العزيزية,كم فرع اسمه فرع العزيزي؟,كم فرع اسمه فرع العزيزيه,كم فرع اسمه فرع العزيزي؟,0.2,success,Contains specific branch name or location
RB_0501,branch_name,branch_name/RB_0501.wav,branch_name/RB_0501.txt,الطاوية | طرحت | الكزاز | المعابد | المعابد | الاعتيادية | رمى | العريقة | الجبال | الكلوية | المركبات | المزروعة. النازلة,الأرطاوية، فرحة القزاز، المعابدة، العتيبيه، ظرمه، العريجه، الجبيل، الجلويه، المركبات، المزروعيه، المنازله.,الطاويه طرحت الكزاز المعابد المعابد الاعتياديه رمي العريقه الجبال الكلويه المركبات المزروعة النازله,الارطاوية، فرحه القزاز، المعابدة، العتيبيه، ظرمه، العريجه، الجبيل، الجلويه، المركبات، المزروعيه، المنازله,1.0,success,Contains specific branch name or location
RB_0182,branch_name_and_code,branch_name_and_code/RB_0182.wav,branch_name_and_code/RB_0182.txt,ثلاثمائة | وتسعة | وعشرين | الهفوف الصناعية,329، الهفوف الصناعية.,329 الهفوف الصناعيه,329، الهفوف الصناعية,0.6667,success,Contains both branch location/name and code details
RB_0310,branch_name_and_code,branch_name_and_code/RB_0310.wav,branch_name_and_code/RB_0310.txt,من | الجردة | 602,الجردة. 602.,من الجرده 602,الجردة 602,0.6667,success,Contains both branch location/name and code details
RB_0023,branch_code,branch_code/RB_0023.wav,branch_code/RB_0023.txt,قلت لك ثلاثة أربعة أربعة ثلاثمائة وأربعة وأربعين,قلت لك 344، 344!,قلت لك 355,قلت لك 344، 344,0.6667,success,Contains numeric or text branch code only
RB_0183,branch_name,branch_name/RB_0183.wav,branch_name/RB_0183.txt,من | أم الحمام,أمل حنان.,من ام الحمام,امل حنان,1.0,success,Contains specific branch name or location
RB_0247,branch_name_and_code,branch_name_and_code/RB_0247.wav,branch_name_and_code/RB_0247.txt,ثلاثمائة | وخمسة | وستين. الجسر,365، الجسر. تمام.,365 الجسر,365، الجسر تمام,1.0,success,Contains both branch location/name and code details
RB_0119,branch_code,branch_code/RB_0119.wav,branch_code/RB_0119.txt,مائة | وثمانية | الجبال,108، الكبيل.,108 الجبال,108، الكبيل,1.0,success,Contains numeric or text branch code only
RB_0375,branch_name,branch_name/RB_0375.wav,branch_name/RB_0375.txt,حي المحجر,حي المحجر.,حي المحجر,حي المحجر,0.0,success,Contains specific branch name or location
RB_0311,branch_name_and_code,branch_name_and_code/RB_0311.wav,branch_name_and_code/RB_0311.txt,ستمئة | وثلاثة | المذنب,603، المذنب.,603 المذنب,603، المذنب,0.5,success,Contains both branch location/name and code details
RB_0024,branch_name,branch_name/RB_0024.wav,branch_name/RB_0024.txt,فرع الريان في الرياض,فرع الرياض، الرياض.,فرع الريان في الرياض,فرع الرياض، الرياض,0.5,success,Contains specific branch name or location
RB_0503,branch_name,branch_name/RB_0503.wav,branch_name/RB_0503.txt,المنازلة | المشروعية | المركبات | الجوية | الجبال | العريضة | برما | الاعتيادية | المعبدة | طرحة القزاز. الطاوية,المنازلة، المزروعية، المريكبات، الجلوية، الجبيل، العريجة، ظرمى، العتيبيّة، المعابدة، برحة القزاز، الأرطاوية.,المنازله المشروعيه المركبات الجويه الجبال العريضه برما الاعتياديه المعبده طرحه القزاز الطاويه,المنازلة، المزروعية، المريكبات، الجلوية، الجبيل، العريجة، ظرمى، العتيبية، المعابدة، برحه القزاز، الارطاوية,1.0,success,Contains specific branch name or location
RB_0184,branch_name,branch_name/RB_0184.wav,branch_name/RB_0184.txt,يا | أم الحمام,36، أم الحمام.,يا ام الحمام,36، ام الحمام,0.3333,success,Contains specific branch name or location
RB_0120,branch_code,branch_code/RB_0120.wav,branch_code/RB_0120.txt,تسعة,9 دقائق.,9,9 دقائق,1.0,success,Contains numeric or text branch code only
RB_0248,branch_name_and_code,branch_name_and_code/RB_0248.wav,branch_name_and_code/RB_0248.txt,365. الجسر,365، الجسر.,365 الجسر,365، الجسر,0.5,success,Contains both branch location/name and code details
RB_0376,branch_name,branch_name/RB_0376.wav,branch_name/RB_0376.txt,أي | المحجة | هي | المحجر | حي | المحجر | هي المحجر,حي المحجب. حي المحجب. حي المحجب. حي المحجب.,اي المحجه هي المحجر حي المحجر هي المحجر,حي المحجب حي المحجب حي المحجب حي المحجب,0.875,success,Contains specific branch name or location
RB_0504,branch_name,branch_name/RB_0504.wav,branch_name/RB_0504.txt,الأرض | خاوية | الطاوية,الأرطاوية. الأرطاوية. نعم، بريد.,الارض خاويه الطاويه,الارطاوية الارطاوية نعم، بريد,1.3333,success,Contains specific branch name or location
RB_0312,branch_code,branch_code/RB_0312.wav,branch_code/RB_0312.txt,الرد | ستمئة | وأربعة,7، الرقي. 604، الرقي. الرقي.,الرد 604,7، الرقي 604، الرقي الرقي,2.5,success,Contains numeric or text branch code only
RB_0185,branch_name_and_code,branch_name_and_code/RB_0185.wav,branch_name_and_code/RB_0185.txt,رسمية | أم | الحمام,330، أم الحمام.,رسميه ام الحمام,330، ام الحمام,0.3333,success,Contains both branch location/name and code details
RB_0121,branch_code,branch_code/RB_0121.wav,branch_code/RB_0121.txt,تسعة,9 دقيق.,9,9 دقيق,1.0,success,Contains numeric or text branch code only
RB_0313,branch_code,branch_code/RB_0313.wav,branch_code/RB_0313.txt,خمسة أدوات me,5، الدوادمي.,5 ادوات me,5، الدوادمي,1.0,success,Contains numeric or text branch code only
RB_0505,branch_name,branch_name/RB_0505.wav,branch_name/RB_0505.txt,ألا | الطاوية | الطاوية | نوم,الأرطاوية، الأرطاوية. نعم؟,الا الطاويه الطاويه نوم,الارطاوية، الارطاوية نعم؟,1.0,success,Contains specific branch name or location
RB_0186,branch_name_and_code,branch_name_and_code/RB_0186.wav,branch_name_and_code/RB_0186.txt,130. أم الحمام,330 أم الحمام.,130 ام الحمام,330 ام الحمام,0.3333,success,Contains both branch location/name and code details
RB_0058,branch_name,branch_name/RB_0058.wav,branch_name/RB_0058.txt,طيب عندكم فرع بالنخيل يعني,طيب، عندكم فرع في النخيل يعني؟,طيب عندكم فرع بالنخيل يعني,طيب، عندكم فرع في النخيل يعني؟,0.8,success,Contains specific branch name or location
RB_0314,branch_code,branch_code/RB_0314.wav,branch_code/RB_0314.txt,105 | أدوات | me,605، الدوادمي.,105 ادوات me,605، الدوادمي,1.0,success,Contains numeric or text branch code only
RB_0250,branch_name_and_code,branch_name_and_code/RB_0250.wav,branch_name_and_code/RB_0250.txt,سبعة | وتسعين | مركز | مبيعات | الندى,97، مركز مبيعات النجاة.,97 مركز مبيعات الندي,97، مركز مبيعات النجاة,0.5,success,Contains both branch location/name and code details
RB_0027,branch_name,branch_name/RB_0027.wav,branch_name/RB_0027.txt,أنا حاليا في شرق الرياض ممكن تعلميني اقرب فرع لي,أنا حالياً في شارع الرياض، ممكن تسأل مني أقرب صراف آلي؟,انا حاليا في شرق الرياض ممكن تعلميني اقرب فرع لي,انا حاليا في شارع الرياض، ممكن تسال مني اقرب صراف الي؟,0.6,success,Contains specific branch name or location
RB_0059,branch_name,branch_name/RB_0059.wav,branch_name/RB_0059.txt,لا معليش جدة,جامعة الجدة.,لا معليش جده,جامعه الجدة,1.0,success,Contains specific branch name or location
RB_0251,branch_code,branch_code/RB_0251.wav,branch_code/RB_0251.txt,397 | مركز مبيعات النجم,397، مركز مبيعات الندى.,397 مركز مبيعات النجم,397، مركز مبيعات الندى,0.5,success,Contains numeric or text branch code only
RB_0187,branch_name_and_code,branch_name_and_code/RB_0187.wav,branch_name_and_code/RB_0187.txt,الرسمية | حي | البستان,الرسمية 32، حي البستان.,الرسميه حي البستان,الرسميه 32، حي البستان,0.3333,success,Contains both branch location/name and code details
RB_0379,branch_name,branch_name/RB_0379.wav,branch_name/RB_0379.txt,ينبع | الصناعية | ينبع الصناعية. ينبع الصناعية,ينبع الصناعية، ينبع الصناعية، ينبع الصناعية.,ينبع الصناعيه ينبع الصناعية ينبع الصناعيه,ينبع الصناعية، ينبع الصناعية، ينبع الصناعية,0.5,success,Contains specific branch name or location
RB_0443,branch_code,branch_code/RB_0443.wav,branch_code/RB_0443.txt,المزاحمية | المزاحمية | المزاحمية. المزاحمية,المزاحمية. المزاحمية. المزاحمية. المزاحمية.,المزاحميه المزاحميه المزاحمية المزاحميه,المزاحمية المزاحمية المزاحمية المزاحمية,0.75,success,Contains numeric or text branch code only
RB_0315,branch_name_and_code,branch_name_and_code/RB_0315.wav,branch_name_and_code/RB_0315.txt,605 | أدوات | الدوادمي,605، الدوادمي. الدوادمي.,605 ادوات الدوادمي,605، الدوادمي الدوادمي,0.6667,success,Contains both branch location/name and code details
RB_0507,branch_name,branch_name/RB_0507.wav,branch_name/RB_0507.txt,برحة القزاز | . المعابد | العتيبية | برما | العريجاء | الكلوية | المريكبات. المزروعية. المنيزلة,برحة القزاز، المعابدة، العتيبيه، برما، العريجه، الجلويه، المريكبات، المزروعيه، المنيزله.,برحه القزاز المعابد العتيبيه برما العريجاء الكلويه المريكبات المزروعية المنيزله,برحه القزاز، المعابدة، العتيبيه، برما، العريجه، الجلويه، المريكبات، المزروعيه، المنيزله,0.8,success,Contains specific branch name or location
RB_0028,branch_name,branch_name/RB_0028.wav,branch_name/RB_0028.txt,فرع الرياض الرئيسي وين مكانه بالضبط,مرحبًا يا أستاذ رائد، شو يعني مكانك بالضبط؟,فرع الرياض الرئيسي وين مكانه بالضبط,مرحبا يا استاذ رائد، شو يعني مكانك بالضبط؟,1.3333,success,Contains specific branch name or location
RB_0124,branch_code,branch_code/RB_0124.wav,branch_code/RB_0124.txt,ثلاثمئة | وتسعة,309 دقيق. دقيق.,309,309 دقيق دقيق,2.0,success,Contains numeric or text branch code only
RB_0316,branch_name_and_code,branch_name_and_code/RB_0316.wav,branch_name_and_code/RB_0316.txt,ستمئة | وستة | المجموعة | المجمعة,606، المجمعة. المجمعة.,606 المجموعه المجمعه,606، المجمعة المجمعة,1.0,success,Contains both branch location/name and code details
RB_0252,branch_name_and_code,branch_name_and_code/RB_0252.wav,branch_name_and_code/RB_0252.txt,فواحد الحديثة,والله فدرة حديثة.,فواحد الحديثه,والله فدره حديثة,1.5,success,Contains both branch location/name and code details
RB_0188,branch_code,branch_code/RB_0188.wav,branch_code/RB_0188.txt,تراكمية | واثنان | وثلاثون. حي البستان,332، حي البستان.,تراكميه 32 حي البستان,332، حي البستان,0.5,success,Contains numeric or text branch code only
RB_0508,branch_name,branch_name/RB_0508.wav,branch_name/RB_0508.txt,برحة القزاز | المعابدة | العتيبية | . ضرما الجلوية,فرحة القزاز، المعابدة، العتيبية، ضرمى، الجلوية.,برحه القزاز المعابده العتيبيه ضرما الجلويه,فرحه القزاز، المعابدة، العتيبية، ضرمى، الجلوية,1.0,success,Contains specific branch name or location
RB_0189,branch_name_and_code,branch_name_and_code/RB_0189.wav,branch_name_and_code/RB_0189.txt,333 | الشهابية,333، أشهابية.,333 الشهابيه,333، اشهابية,1.0,success,Contains both branch location/name and code details
RB_0253,branch_name_and_code,branch_name_and_code/RB_0253.wav,branch_name_and_code/RB_0253.txt,401 | الحديث,401 الحديثة.,401 الحديث,401 الحديثة,0.5,success,Contains both branch location/name and code details
RB_0317,branch_code,branch_code/RB_0317.wav,branch_code/RB_0317.txt,ستمئة | وسبعة,307، الرس. الرس. الرس. الرس.,607,307، الرس الرس الرس الرس,5.0,success,Contains numeric or text branch code only
RB_0190,branch_name_and_code,branch_name_and_code/RB_0190.wav,branch_name_and_code/RB_0190.txt,344 شارع الماجد,334 شارع الماجد—,344 شارع الماجد,334 شارع الماجد,0.3333,success,Contains both branch location/name and code details
RB_0318,branch_code,branch_code/RB_0318.wav,branch_code/RB_0318.txt,لا | أعرف | ستمئة | وسبعة | أحرف | أطراف,لا، الرس. 607، الرس. الرس. الرس.,لا اعرف 607 احرف اطراف,لا، الرس 607، الرس الرس الرس,1.2,success,Contains numeric or text branch code only
RB_0191,branch_name_and_code,branch_name_and_code/RB_0191.wav,branch_name_and_code/RB_0191.txt,يوم | خمس | وثلاثين | الربوة | الظهران | ثلاثمائة | وخمسة وثلاثين,,يوم 35 الربوه الظهران 335,,,failed,Contains both branch location/name and code details
RB_0255,branch_name_and_code,branch_name_and_code/RB_0255.wav,branch_name_and_code/RB_0255.txt,401 | الحديثة | 400,,401 الحديثه 400,,,failed,Contains both branch location/name and code details
RB_0064,branch_code,branch_code/RB_0064.wav,branch_code/RB_0064.txt,لا 250,آه، لا، 250.,لا 250,اه، لا، 250,1.0,success,Contains numeric or text branch code only
RB_0192,branch_name_and_code,branch_name_and_code/RB_0192.wav,branch_name_and_code/RB_0192.txt,355 | الربوة، الظهران,,355 الربوة، الظهران,,,failed,Contains both branch location/name and code details
RB_0320,branch_name_and_code,branch_name_and_code/RB_0320.wav,branch_name_and_code/RB_0320.txt,تمنية | الصفراء | ستمئة وثمانية,,تمنيه الصفراء 608,,,failed,Contains both branch location/name and code details
RB_0384,branch_name_and_code,branch_name_and_code/RB_0384.wav,branch_name_and_code/RB_0384.txt,أربعة | شربة | تربة | ربع,,4 شربه تربه ربع,,,failed,Contains both branch location/name and code details
RB_0128,branch_name_and_code,branch_name_and_code/RB_0128.wav,branch_name_and_code/RB_0128.txt,110. الخفجي,110، الخفجي.,110 الخفجي,110، الخفجي,0.5,success,Contains both branch location/name and code details
RB_0063,branch_name_and_code,branch_name_and_code/RB_0063.wav,branch_name_and_code/RB_0063.txt,فرع الندى 250,,فرع الندي 250,,,failed,Contains both branch location/name and code details
RB_0065,branch_code,branch_code/RB_0065.wav,branch_code/RB_0065.txt,لا اثنين خمسة صفر,لا، 250.,لا 250,لا، 250,0.5,success,Contains numeric or text branch code only
RB_0256,branch_name_and_code,branch_name_and_code/RB_0256.wav,branch_name_and_code/RB_0256.txt,401 | الحديثة | 402 عرعر,401 الحديثة. 402 عرعر.,401 الحديثه 402 عرعر,401 الحديثة 402 عرعر,0.25,success,Contains both branch location/name and code details
RB_0129,branch_name_and_code,branch_name_and_code/RB_0129.wav,branch_name_and_code/RB_0129.txt,911. الثقبة,111، الثقبة.,911 الثقبه,111، الثقبة,1.0,success,Contains both branch location/name and code details
RB_0321,branch_name_and_code,branch_name_and_code/RB_0321.wav,branch_name_and_code/RB_0321.txt,ستمئة | وتسعة | الأرض | خاوية | الطاوية,609، الأرطاوية. الأرطاوية.,609 الارض خاويه الطاويه,609، الارطاوية الارطاوية,1.0,success,Contains both branch location/name and code details
RB_0193,branch_code,branch_code/RB_0193.wav,branch_code/RB_0193.txt,تركيا. أنا جاد ستريت,36، أنا جت- ستريت.,تركيا انا جاد ستريت,36، انا جت ستريت,0.5,success,Contains numeric or text branch code only
RB_0257,branch_name_and_code,branch_name_and_code/RB_0257.wav,branch_name_and_code/RB_0257.txt,403. دومة الجندل,403، دومة الجندل.,403 دومه الجندل,403، دومه الجندل,0.3333,success,Contains both branch location/name and code details
RB_0322,branch_name_and_code,branch_name_and_code/RB_0322.wav,branch_name_and_code/RB_0322.txt,سوق | برزان | 610,لا، سوق برزان. 610.,سوق برزان 610,لا، سوق برزان 610,0.3333,success,Contains both branch location/name and code details
RB_0258,branch_code,branch_code/RB_0258.wav,branch_code/RB_0258.txt,أربعمئة | وأربعة | ضباط,ضباب. 404، ضباب.,404 ضباط,ضباب 404، ضباب,1.5,success,Contains numeric or text branch code only
RB_0194,branch_name_and_code,branch_name_and_code/RB_0194.wav,branch_name_and_code/RB_0194.txt,الرسمي | طريق | النجاة | 336,336، طريق النجاة. 336.,الرسمي طريق النجاه 336,336، طريق النجاة 336,0.5,success,Contains both branch location/name and code details
RB_0131,branch_code,branch_code/RB_0131.wav,branch_code/RB_0131.txt,321,وش؟ 311.,321,وش؟ 311,2.0,success,Contains numeric or text branch code only
RB_0130,branch_name_and_code,branch_name_and_code/RB_0130.wav,branch_name_and_code/RB_0130.txt,الثقبة | ثلاثمئة | وأحد | عشر | ثلاثمئة | وعشرة | أبي | فرحة | مئة | وعشرة | الثقبة,كاش. الصفوة. 311. 310. أبي فرع 310، الثقبة.,الثقبه 621 ابي فرحه 110 الثقبه,كاش الصفوة 311 310 ابي فرع 310، الثقبة,1.1667,success,Contains both branch location/name and code details
RB_0323,branch_name_and_code,branch_name_and_code/RB_0323.wav,branch_name_and_code/RB_0323.txt,البريد | الرئيسي | 611 | رئيسي | طريقة,11، بريده الرئيسي. 611، بريده الرئيسي. بريده.,البريد الرئيسي 611 رئيسي طريقه,11، بريده الرئيسي 611، بريده الرئيسي بريده,1.2,success,Contains both branch location/name and code details
RB_0259,branch_code,branch_code/RB_0259.wav,branch_code/RB_0259.txt,وأربعة | ضفاف | أربعمئة | وأربعة | ضباط,404. 404.,4 ضفاف 404 ضباط,404 404,0.75,success,Contains numeric or text branch code only
RB_0068,branch_code,branch_code/RB_0068.wav,branch_code/RB_0068.txt,خمسمئة وخمسة خمسة صفر خمسة,5055.,515,5055,1.0,success,Contains numeric or text branch code only
RB_0132,branch_code,branch_code/RB_0132.wav,branch_code/RB_0132.txt,ثلاثمائة وعشرة,310.,310,310,0.0,success,Contains numeric or text branch code only
RB_0195,branch_name_and_code,branch_name_and_code/RB_0195.wav,branch_name_and_code/RB_0195.txt,من | أربعمئة | وأربعة | حي | الريان | 366 | سبعمائة | وسبعة | خمسمائة | وخمسة | خمسة | خمسة | خمسة | عشرة | على | عشرة | خمسمية | وسبعة | أربعمائة | وأربعة | مئة | وستة | ثلاثمئة | وثمانية | ثلاثمئة | وستين,404. حي الريان 306. 707. 505. 555. 101010. 507. 404. 306. 308. 366.,من 404 حي الريان 366 1237 علي 10 خمسميه 1185,404 حي الريان 306 707 505 555 101010 507 404 306 308 366,1.1,success,Contains both branch location/name and code details
RB_0451,branch_name,branch_name/RB_0451.wav,branch_name/RB_0451.txt,جامعة | الأميرة | نورة | الورود | الورود | النزهة | النزهة | الرياض | الصالحية | النسيم | الشرقي | الصالحية | فرع | القدس | القدس | الأندلس. الأندلس,جامعة الأميرة نورة. الورود. الورود. النزهة. النزهة. الريان. الصالحية. النسيم الشرقي. الصالحية. فرع القدس. القدس. الأندلس. الأندلس.,جامعه الاميره نوره الورود الورود النزهه النزهه الرياض الصالحيه النسيم الشرقي الصالحيه فرع القدس القدس الاندلس الاندلس,جامعه الاميره نورة الورود الورود النزهة النزهة الريان الصالحية النسيم الشرقي الصالحية فرع القدس القدس الاندلس الاندلس,0.3529,success,Contains specific branch name or location
RB_0196,branch_name,branch_name/RB_0196.wav,branch_name/RB_0196.txt,طريق | النجاة,طريق النجاة 366، 366.,طريق النجاه,طريق النجاه 366، 366,1.0,success,Contains specific branch name or location
RB_0260,branch_name_and_code,branch_name_and_code/RB_0260.wav,branch_name_and_code/RB_0260.txt,405 | حالة عمار,عمار. 405، حالة عمار.,405 حاله عمار,عمار 405، حاله عمار,0.6667,success,Contains both branch location/name and code details
RB_0324,branch_name_and_code,branch_name_and_code/RB_0324.wav,branch_name_and_code/RB_0324.txt,سكريات | 11 | وايد | الرئيسي | 611 | تبريد | الرئيسي,611، الراد الرئيسي. 611، الراد الرئيسي.,سكريات 11 وايد الرئيسي 611 تبريد الرئيسي,611، الراد الرئيسي 611، الراد الرئيسي,0.7143,success,Contains both branch location/name and code details
RB_0133,branch_name_and_code,branch_name_and_code/RB_0133.wav,branch_name_and_code/RB_0133.txt,رسمية | وسبعة | رأس | تنورة | رسمية | وسبعة رأس تنورة,307، راست النورة. 307، راست النورة.,رسميه 7 راس تنوره رسميه 7 راس تنوره,307، راست النورة 307، راست النورة,1.0,success,Contains both branch location/name and code details
RB_0261,branch_name_and_code,branch_name_and_code/RB_0261.wav,branch_name_and_code/RB_0261.txt,406 حجر,لا، 406 حقل.,406 حجر,لا، 406 حقل,1.0,success,Contains both branch location/name and code details
RB_0197,branch_name_and_code,branch_name_and_code/RB_0197.wav,branch_name_and_code/RB_0197.txt,16 | طريق | النجاة | تسمية,136 طريق النجاة. لا، 336. 336.,16 طريق النجاه تسميه,136 طريق النجاة لا، 336 336,1.25,success,Contains both branch location/name and code details
RB_0134,branch_code,branch_code/RB_0134.wav,branch_code/RB_0134.txt,مئة | وسبعة | وستين | دورة,107، وصفي النورة.,167 دوره,107، وصفي النورة,1.5,success,Contains numeric or text branch code only
RB_0325,branch_code,branch_code/RB_0325.wav,branch_code/RB_0325.txt,حفر | الباطن. 612,إيش حفر الباطن؟ 612.,حفر الباطن 612,ايش حفر الباطن؟ 612,0.6667,success,Contains numeric or text branch code only
RB_0326,branch_name_and_code,branch_name_and_code/RB_0326.wav,branch_name_and_code/RB_0326.txt,613 | حايل,13، حائل. 613، حائل.,613 حايل,13، حائل 613، حائل,2.0,success,Contains both branch location/name and code details
RB_0198,branch_name,branch_name/RB_0198.wav,branch_name/RB_0198.txt,إن | ترسيم | طريق | النجاة,30، طريق النجاة.,ان ترسيم طريق النجاه,30، طريق النجاة,0.75,success,Contains specific branch name or location
RB_0262,branch_code,branch_code/RB_0262.wav,branch_code/RB_0262.txt,407 | . ذكريات | الذكريات,407، القريات. القريات.,407 ذكريات الذكريات,407، القريات القريات,1.0,success,Contains numeric or text branch code only
RB_0071,branch_code,branch_code/RB_0071.wav,branch_code/RB_0071.txt,بس أنا ما قلت 110 قلت 310,بس أنا ما قلت 110، قلت 310.,بس انا ما قلت 110 قلت 310,بس انا ما قلت 110، قلت 310,0.1429,success,Contains numeric or text branch code only
RB_0454,branch_name,branch_name/RB_0454.wav,branch_name/RB_0454.txt,النجاة | النجاة | فرع | النجاة | النجاة | أنماط | نمار | فرع | مار | من | نار,النجاة. النجاة. فرع النجاة. النجاة. نِمار. نِمار. فرع النمار. نِمار.,النجاه النجاه فرع النجاه النجاه انماط نمار فرع مار من نار,النجاة النجاة فرع النجاة النجاة نمار نمار فرع النمار نمار,0.7273,success,Contains specific branch name or location
RB_0135,branch_name,branch_name/RB_0135.wav,branch_name/RB_0135.txt,لكن | راس | تنورة,307، طاقة النورة.,لكن راس تنوره,307، طاقه النورة,1.0,success,Contains specific branch name or location
RB_0199,branch_name_and_code,branch_name_and_code/RB_0199.wav,branch_name_and_code/RB_0199.txt,هل 366 طريق النجاة,336، طريق النجاة.,هل 366 طريق النجاه,336، طريق النجاة,0.75,success,Contains both branch location/name and code details
RB_0327,branch_name_and_code,branch_name_and_code/RB_0327.wav,branch_name_and_code/RB_0327.txt,حايل | 613,613، حائل. 613.,حايل 613,613، حائل 613,1.0,success,Contains both branch location/name and code details
RB_0263,branch_code,branch_code/RB_0263.wav,branch_code/RB_0263.txt,ثمانية,8 سكاكا. 408 سكاكا.,8,8 سكاكا 408 سكاكا,3.0,success,Contains numeric or text branch code only
RB_0072,branch_code,branch_code/RB_0072.wav,branch_code/RB_0072.txt,لا ثلاث مئة وعشره ثلاثة واحد صفر,لا، 310، 310.,لا 117,لا، 310، 310,1.5,success,Contains numeric or text branch code only
RB_0136,branch_name_and_code,branch_name_and_code/RB_0136.wav,branch_name_and_code/RB_0136.txt,الرسمية | وسبعة. رأس تنورة,307، راس النورة.,الرسميه وسبعة راس تنوره,307، راس النورة,0.75,success,Contains both branch location/name and code details
RB_0455,branch_name,branch_name/RB_0455.wav,branch_name/RB_0455.txt,مروى | مروة | مروة | مروة | المصيف | المصيف | المصيف | الواحة | الواحة | الربيع | الطريق | الدائرى | الغربي | الدائري | الغربي | الدائري | الجنوبي | المنصورة | المنصورة | حي | المنصورة. حي المنصورة,مروة. مروة. مروة. مروة. المصيف. المصيف. المصيف. الواحة. الواحة. الربيع. طريق الدائرة الغربي. الدائرة الغربي. الدائرة الجنوبي. المنصورة. المنصورة. حي المنصورة. حي المنصورة.,مروي مروه مروه مروه المصيف المصيف المصيف الواحه الواحه الربيع الطريق الدائري الغربي الدائري الغربي الدائري الجنوبي المنصوره المنصوره حي المنصورة حي المنصوره,مروة مروة مروة مروة المصيف المصيف المصيف الواحة الواحة الربيع طريق الدائره الغربي الدائره الغربي الدائره الجنوبي المنصورة المنصورة حي المنصورة حي المنصورة,0.5652,success,Contains specific branch name or location
RB_0200,branch_name_and_code,branch_name_and_code/RB_0200.wav,branch_name_and_code/RB_0200.txt,357. الدوحة,337، الدوحة.,357 الدوحه,337، الدوحة,1.0,success,Contains both branch location/name and code details
RB_0264,branch_name_and_code,branch_name_and_code/RB_0264.wav,branch_name_and_code/RB_0264.txt,408 سكاكا,408، سكاكة.,408 سكاكا,408، سكاكة,1.0,success,Contains both branch location/name and code details
RB_0328,branch_name_and_code,branch_name_and_code/RB_0328.wav,branch_name_and_code/RB_0328.txt,614. المنطقة الصناعية بحائل,614، المنطقة الصناعية بحائل.,614 المنطقه الصناعيه بحائل,614، المنطقه الصناعيه بحائل,0.25,success,Contains both branch location/name and code details
RB_0074,branch_name,branch_name/RB_0074.wav,branch_name/RB_0074.txt,فرع جدة,صرافة جدة.,فرع جده,صرافه جدة,1.0,success,Contains specific branch name or location
RB_0137,branch_code,branch_code/RB_0137.wav,branch_code/RB_0137.txt,388 | الجبال,308، الجبال.,388 الجبال,308، الجبال,0.5,success,Contains numeric or text branch code only
RB_0265,branch_name_and_code,branch_name_and_code/RB_0265.wav,branch_name_and_code/RB_0265.txt,409. تبوك الرئيسي,409، تبوك الرئيسي.,409 تبوك الرئيسي,409، تبوك الرئيسي,0.3333,success,Contains both branch location/name and code details
RB_0329,branch_name_and_code,branch_name_and_code/RB_0329.wav,branch_name_and_code/RB_0329.txt,15 | مدينة | الملك | خالد | العسكرية. 615,115، مدينة الملك خالد العسكرية. 615.,15 مدينه الملك خالد العسكرية 615,115، مدينه الملك خالد العسكرية 615,0.1667,success,Contains both branch location/name and code details
RB_0138,branch_code,branch_code/RB_0138.wav,branch_code/RB_0138.txt,رسمية | وتسعى,309، دقيق.,رسميه وتسعي,309، دقيق,1.0,success,Contains numeric or text branch code only
RB_0201,branch_name_and_code,branch_name_and_code/RB_0201.wav,branch_name_and_code/RB_0201.txt,نسمي | شارع | الظهران | الشركات | ثلاثمئة وأربعين,340 شارع الظهران، الشركات. 340. 340.,نسمي شارع الظهران الشركات 340,340 شارع الظهران، الشركات 340 340,0.6,success,Contains both branch location/name and code details
RB_0202,branch_name_and_code,branch_name_and_code/RB_0202.wav,branch_name_and_code/RB_0202.txt,340 | شارع | الظهران | الشركات | . 340 شارع الظهران. الشركات,340 شارع الظهران، الشركات. 340 شارع الظهران، الشركات.,340 شارع الظهران الشركات 340 شارع الظهران الشركات,340 شارع الظهران، الشركات 340 شارع الظهران، الشركات,0.25,success,Contains both branch location/name and code details
RB_0266,branch_code,branch_code/RB_0266.wav,branch_code/RB_0266.txt,410 | لمهرجان | المهرجان,410، المهرجان. المهرجان.,410 لمهرجان المهرجان,410، المهرجان المهرجان,0.6667,success,Contains numeric or text branch code only
RB_0330,branch_name_and_code,branch_name_and_code/RB_0330.wav,branch_name_and_code/RB_0330.txt,الجابرية | 616 | 616. أوكي. ممتاز,الجابريه. 616. 616، أوكي، ممتاز.,الجابريه 616 616 اوكي ممتاز,الجابريه 616 616، اوكي، ممتاز,0.4,success,Contains both branch location/name and code details
RB_0139,branch_code,branch_code/RB_0139.wav,branch_code/RB_0139.txt,ثلاثمائة | وتسعة | دقيق,9، دقيق. 309، دقيق.,309 دقيق,9، دقيق 309، دقيق,1.5,success,Contains numeric or text branch code only
RB_0203,branch_name_and_code,branch_name_and_code/RB_0203.wav,branch_name_and_code/RB_0203.txt,ألف | 12 | 02 | غرناطة. شمعة,342، غرناطة. تمام.,الف 12 02 غرناطة شمعه,342، غرناطة تمام,0.8,success,Contains both branch location/name and code details
RB_0331,branch_name_and_code,branch_name_and_code/RB_0331.wav,branch_name_and_code/RB_0331.txt,تعطش | عنيزة. 617,17، عنيزة. 617.,تعطش عنيزة 617,17، عنيزة 617,0.3333,success,Contains both branch location/name and code details
RB_0076,branch_code,branch_code/RB_0076.wav,branch_code/RB_0076.txt,مئة وثلاثة,إيه، 103.,103,ايه، 103,1.0,success,Contains numeric or text branch code only
RB_0140,branch_name_and_code,branch_name_and_code/RB_0140.wav,branch_name_and_code/RB_0140.txt,أو | عشرة | الخفجي,110، الخفجي.,او 10 الخفجي,110، الخفجي,0.6667,success,Contains both branch location/name and code details
RB_0204,branch_name_and_code,branch_name_and_code/RB_0204.wav,branch_name_and_code/RB_0204.txt,ثلاثية | غرناطة | ثلاثية غرناطة,342 غرناطة. شو 342؟ حاطين فيه غنا. 342 غرناطة.,ثلاثيه غرناطه ثلاثيه غرناطه,342 غرناطة شو 342؟ حاطين فيه غنا 342 غرناطة,2.25,success,Contains both branch location/name and code details
RB_0332,branch_code,branch_code/RB_0332.wav,branch_code/RB_0332.txt,داعش في | هذه | الحضرة | 618 | وهذا | الخطرة | رياضة الخضرة,14، رياض الخضرا. 618، رياض الخضرا. رياض الخضرا.,داعش في هذه الحضره 618 وهذا الخطره رياضه الخضره,14، رياض الخضرا 618، رياض الخضرا رياض الخضرا,1.0,success,Contains numeric or text branch code only
RB_0396,branch_name,branch_name/RB_0396.wav,branch_name/RB_0396.txt,المدن | الصناعية | جدة | . المدينة | الصناعية | جدة,جدة. المدينة الصناعية جدة. المدينة الصناعية جدة.,المدن الصناعيه جده المدينه الصناعيه جده,جدة المدينه الصناعيه جدة المدينه الصناعيه جدة,0.6667,success,Contains specific branch name or location
RB_0077,branch_name,branch_name/RB_0077.wav,branch_name/RB_0077.txt,مكة الرئيسي مكة الرئيسي,آه، بنك الرئيسي، بنك الرياض.,مكه الرئيسي مكه الرئيسي,اه، بنك الرئيسي، بنك الرياض,1.25,success,Contains specific branch name or location
RB_0141,branch_name_and_code,branch_name_and_code/RB_0141.wav,branch_name_and_code/RB_0141.txt,ثلاثمائة | وعشرة. الخفجي,310، الخفجي.,300 وعشرة الخفجي,310، الخفجي,0.6667,success,Contains both branch location/name and code details
RB_0205,branch_name_and_code,branch_name_and_code/RB_0205.wav,branch_name_and_code/RB_0205.txt,333 غرب الدمام,343 غرب الدمام.,333 غرب الدمام,343 غرب الدمام,0.3333,success,Contains both branch location/name and code details
RB_0269,branch_code,branch_code/RB_0269.wav,branch_code/RB_0269.txt,411. طيف,411، طريف.,411 طيف,411، طريف,1.0,success,Contains numeric or text branch code only
RB_0333,branch_name_and_code,branch_name_and_code/RB_0333.wav,branch_name_and_code/RB_0333.txt,ينتعش | رياض | الخبراء | 618. رياض الخبراء,18، رياض الخبرة. 618، رياض الخبرة.,ينتعش رياض الخبراء 618 رياض الخبراء,18، رياض الخبرة 618، رياض الخبرة,0.6667,success,Contains both branch location/name and code details
RB_0078,branch_code,branch_code/RB_0078.wav,branch_code/RB_0078.txt,فرع 102,فرع 102.,فرع 102,فرع 102,0.0,success,Contains numeric or text branch code only
RB_0142,branch_name_and_code,branch_name_and_code/RB_0142.wav,branch_name_and_code/RB_0142.txt,311 الثقبة,311، الثقبة.,311 الثقبه,311، الثقبة,1.0,success,Contains both branch location/name and code details
RB_0206,branch_name_and_code,branch_name_and_code/RB_0206.wav,branch_name_and_code/RB_0206.txt,344 كورنيش الدمام,344، كورنيش الدمام.,344 كورنيش الدمام,344، كورنيش الدمام,0.3333,success,Contains both branch location/name and code details
RB_0270,branch_name_and_code,branch_name_and_code/RB_0270.wav,branch_name_and_code/RB_0270.txt,أملك | 413 | أملج,مش أملج. 413، أملج.,املك 413 املج,مش املج 413، املج,1.0,success,Contains both branch location/name and code details
RB_0334,branch_name_and_code,branch_name_and_code/RB_0334.wav,branch_name_and_code/RB_0334.txt,عاشق | الزلفي | 619,عشق الزلفي. 619.,عاشق الزلفي 619,عشق الزلفي 619,0.3333,success,Contains both branch location/name and code details
RB_0207,branch_name_and_code,branch_name_and_code/RB_0207.wav,branch_name_and_code/RB_0207.txt,أنت | 15 | القدس,1145، القدس.,انت 15 القدس,1145، القدس,0.6667,success,Contains both branch location/name and code details
RB_0079,branch_code,branch_code/RB_0079.wav,branch_code/RB_0079.txt,فرع 106,فرع 106.,فرع 106,فرع 106,0.0,success,Contains numeric or text branch code only
RB_0271,branch_name_and_code,branch_name_and_code/RB_0271.wav,branch_name_and_code/RB_0271.txt,414 | على | العلا,414 العلا. العلا.,414 علي العلا,414 العلا العلا,0.3333,success,Contains both branch location/name and code details
RB_0335,branch_name_and_code,branch_name_and_code/RB_0335.wav,branch_name_and_code/RB_0335.txt,البكيرية | . ستمئة وعشرين,البحيرة. 620.,البكيريه 620,البحيرة 620,0.5,success,Contains both branch location/name and code details
RB_0143,branch_name_and_code,branch_name_and_code/RB_0143.wav,branch_name_and_code/RB_0143.txt,رسمية | 12 | جامعة | الملك | فهد,312، جامعة الملك فهد.,رسميه 12 جامعه الملك فهد,312، جامعه الملك فهد,0.4,success,Contains both branch location/name and code details
RB_0080,branch_code,branch_code/RB_0080.wav,branch_code/RB_0080.txt,فرع 102,فرع 102.,فرع 102,فرع 102,0.0,success,Contains numeric or text branch code only
RB_0208,branch_name_and_code,branch_name_and_code/RB_0208.wav,branch_name_and_code/RB_0208.txt,355. القدس,345، القدس.,355 القدس,345، القدس,0.5,success,Contains both branch location/name and code details
RB_0144,branch_name_and_code,branch_name_and_code/RB_0144.wav,branch_name_and_code/RB_0144.txt,300 | سيهات,313 سيهات.,300 سيهات,313 سيهات,0.5,success,Contains both branch location/name and code details
RB_0336,branch_name_and_code,branch_name_and_code/RB_0336.wav,branch_name_and_code/RB_0336.txt,21 | الخالدية. 621,621، الخالدية. 621.,21 الخالدية 621,621، الخالدية 621,0.3333,success,Contains both branch location/name and code details
RB_0272,branch_name_and_code,branch_name_and_code/RB_0272.wav,branch_name_and_code/RB_0272.txt,114 | على | 414. العلا,114 العلا. 414 العلا.,114 علي 414 العلا,114 العلا 414 العلا,0.25,success,Contains both branch location/name and code details
RB_0400,branch_name,branch_name/RB_0400.wav,branch_name/RB_0400.txt,طيبة | طيبة | طيبة | طيبة. جدة,صبا. طيبة. طيبة جدًا.,طيبه طيبه طيبه طيبة جده,صبا طيبة طيبه جدا,0.8,success,Contains specific branch name or location
RB_0081,branch_code,branch_code/RB_0081.wav,branch_code/RB_0081.txt,لا قصدي 103,لا، قصدي 103.,لا قصدي 103,لا، قصدي 103,0.3333,success,Contains numeric or text branch code only
RB_0145,branch_code,branch_code/RB_0145.wav,branch_code/RB_0145.txt,رسمية | 13 | ساعات | ثلاثية,313 فيهات. 300.,رسميه 13 ساعات ثلاثيه,313 فيهات 300,1.0,success,Contains numeric or text branch code only
RB_0464,branch_name,branch_name/RB_0464.wav,branch_name/RB_0464.txt,Hello | Can you | transfer me | to the | domain | Did | domain | Bank | الدمام | الخبر,آه، hello، can you transfer me to جدة main؟ جدة main؟ Riyad Bank، please. رياض بنك. أمم... الدمام. الدمام. الدمام main. الدمام. الخبر. أمم...,Hello Can you transfer me to the domain Did domain Bank الدمام الخبر,اه، hello، can you transfer me to جده main؟ جده main؟ Riyad Bank، please رياض بنك امم الدمام الدمام الدمام main الدمام الخبر امم,1.3846,success,Contains specific branch name or location
RB_0273,branch_name_and_code,branch_name_and_code/RB_0273.wav,branch_name_and_code/RB_0273.txt,415 خيبر,415 خيبر.,415 خيبر,415 خيبر,0.0,success,Contains both branch location/name and code details
RB_0337,branch_name_and_code,branch_name_and_code/RB_0337.wav,branch_name_and_code/RB_0337.txt,222 | . البحيرة. 622,622، البحيرة. 622.,222 البحيرة 622,622، البحيرة 622,0.3333,success,Contains both branch location/name and code details
RB_0209,branch_name_and_code,branch_name_and_code/RB_0209.wav,branch_name_and_code/RB_0209.txt,316 | المركبات,346، المركبات. 346.,316 المركبات,346، المركبات 346,1.0,success,Contains both branch location/name and code details
RB_0082,branch_code,branch_code/RB_0082.wav,branch_code/RB_0082.txt,101,101.,101,101,0.0,success,Contains numeric or text branch code only
RB_0210,branch_code,branch_code/RB_0210.wav,branch_code/RB_0210.txt,306 | إثبات,346، المؤثبات.,306 اثبات,346، المؤثبات,1.0,success,Contains numeric or text branch code only
RB_0465,branch_name_and_code,branch_name_and_code/RB_0465.wav,branch_name_and_code/RB_0465.txt,الربوة | الربوة | قرطبة | البديعة | النهضة | الدرعية | Localizer | Localizer | شارع | الستين | طريق | الحجاز | الدلم | سدير | حوطة | سدير | شارع | الأحساء | النسيم | الخبر | الدمام | الرئيسي | الإمام | محمد | الأمير | محمد | الهفوف | المبرز | القطيف | راس | تنورة | الجبيل | بقيق,الربوة. الربوة. قرطبة. البديعة. النهضة. الدرعية. لوكلايزر. لوكلايزر. لوكلايزر. لوكلايزر. شارع الستين. طريق الحجاز. الدلم. حاطة سدير. حاطة سدير. شارع الإحساء. النسيم. الخبر. الدمام الرئيسي. الإمام محمد. الأمير محمد. سوري. الهفوف. المبرز. القطيف. راس النورة. الجبيل. بقيق.,الربوه الربوه قرطبه البديعه النهضه الدرعيه Localizer Localizer شارع الستين طريق الحجاز الدلم سدير حوطه سدير شارع الاحساء النسيم الخبر الدمام الرئيسي الامام محمد الامير محمد الهفوف المبرز القطيف راس تنوره الجبيل بقيق,الربوة الربوة قرطبة البديعة النهضة الدرعية لوكلايزر لوكلايزر لوكلايزر لوكلايزر شارع الستين طريق الحجاز الدلم حاطه سدير حاطه سدير شارع الاحساء النسيم الخبر الدمام الرئيسي الامام محمد الامير محمد سوري الهفوف المبرز القطيف راس النورة الجبيل بقيق,0.4242,success,Contains both branch location/name and code details
RB_0274,branch_name_and_code,branch_name_and_code/RB_0274.wav,branch_name_and_code/RB_0274.txt,716 | . مدينة الملك | عبد | العزيز | العسكرية | 416,416، مدينة الملك عبدالعزيز العسكرية. 416.,716 مدينه الملك عبد العزيز العسكريه 416,416، مدينه الملك عبدالعزيز العسكرية 416,0.5714,success,Contains both branch location/name and code details
RB_0338,branch_name_and_code,branch_name_and_code/RB_0338.wav,branch_name_and_code/RB_0338.txt,يوم | 24 | . الريان | 24 | 624,124، الريان. 624. 624.,يوم 24 الريان 24 624,124، الريان 624 624,0.6,success,Contains both branch location/name and code details
RB_0466,branch_name,branch_name/RB_0466.wav,branch_name/RB_0466.txt,رأس | تنورة | الجبال | الخفجي | بقيق | الجبيل | الجبيل | الثقبة | الثقبة | جامعة | الملك | فهد | سيهات | المنطقة | المحايدة | صفوى | الخبر | الجفر | جامعة | الملك | فيصل | أرامكو | مول | قاعدة | الجبيل | البحرية. شارع الملك عبد العزيز,راس النورة. الجبيل. بقيق. الخفجي. بقيق. الجبيل. الجبيل. أمم... الثقبة. الثقبة. الثقبة. أمم... جامعة الملك فهد. السيهات. المنطقة المحايدة. صفوا. الخبر. الجفر. جامعة الملك فيصل. أمم... أرامكو مول. قاعدة الجبيل البحرية. شارع ملك عبد العزيز.,راس تنوره الجبال الخفجي بقيق الجبيل الجبيل الثقبه الثقبه جامعه الملك فهد سيهات المنطقه المحايده صفوي الخبر الجفر جامعه الملك فيصل ارامكو مول قاعده الجبيل البحرية شارع الملك عبد العزيز,راس النورة الجبيل بقيق الخفجي بقيق الجبيل الجبيل امم الثقبة الثقبة الثقبة امم جامعه الملك فهد السيهات المنطقه المحايدة صفوا الخبر الجفر جامعه الملك فيصل امم ارامكو مول قاعده الجبيل البحرية شارع ملك عبد العزيز,0.4333,success,Contains specific branch name or location
RB_0083,branch_code,branch_code/RB_0083.wav,branch_code/RB_0083.txt,لا 105,لا، 105.,لا 105,لا، 105,0.5,success,Contains numeric or text branch code only
RB_0147,branch_name_and_code,branch_name_and_code/RB_0147.wav,branch_name_and_code/RB_0147.txt,ثلاثمائة | وثلاثة | عشر | سيهات,313 سيهات.,313 سيهات,313 سيهات,0.0,success,Contains both branch location/name and code details
RB_0275,branch_name_and_code,branch_name_and_code/RB_0275.wav,branch_name_and_code/RB_0275.txt,21 | المروج | تبوك,21، المروج، تبوك.,21 المروج تبوك,21، المروج، تبوك,0.6667,success,Contains both branch location/name and code details
RB_0339,branch_name_and_code,branch_name_and_code/RB_0339.wav,branch_name_and_code/RB_0339.txt,خمسين | ألف | ليلة | 359. العليا,50 العليا. 359 العليا.,50 الف ليله 359 العليا,50 العليا 359 العليا,0.4,success,Contains both branch location/name and code details
RB_0403,branch_name,branch_name/RB_0403.wav,branch_name/RB_0403.txt,العزيزية. العزيزية,العزيزية. العزيزية.,العزيزية العزيزيه,العزيزية العزيزية,0.5,success,Contains specific branch name or location
RB_0467,branch_name,branch_name/RB_0467.wav,branch_name/RB_0467.txt,التلوي | الكلوية | الكلوية | الجبيل الصناعية,الجلوية. الجلوية. الجلوية. الجبيل الصناعية.,التلوي الكلويه الكلويه الجبيل الصناعيه,الجلوية الجلوية الجلوية الجبيل الصناعية,0.8,success,Contains specific branch name or location
RB_0212,branch_name_and_code,branch_name_and_code/RB_0212.wav,branch_name_and_code/RB_0212.txt,346. المركبات,346، المركبات.,346 المركبات,346، المركبات,0.5,success,Contains both branch location/name and code details
RB_0148,branch_name_and_code,branch_name_and_code/RB_0148.wav,branch_name_and_code/RB_0148.txt,ثلاثة | المنطقة | المحايدة,314، المنطقة المحايدة.,3 المنطقه المحايده,314، المنطقه المحايدة,0.6667,success,Contains both branch location/name and code details
RB_0340,branch_name_and_code,branch_name_and_code/RB_0340.wav,branch_name_and_code/RB_0340.txt,359 | العلية | العلية,359 العليا. العليا.,359 العليه العليه,359 العليا العليا,0.6667,success,Contains both branch location/name and code details
RB_0277,branch_name_and_code,branch_name_and_code/RB_0277.wav,branch_name_and_code/RB_0277.txt,أربعمئة | وواحد | وعشرين | المروج | تبوك,421، المروج، تبوك.,421 المروج تبوك,421، المروج، تبوك,0.6667,success,Contains both branch location/name and code details
RB_0341,branch_code,branch_code/RB_0341.wav,branch_code/RB_0341.txt,فإن | النوعية | نواري 357,النوارية. النوارية 357.,فان النوعيه نواري 357,النوارية النواريه 357,0.75,success,Contains numeric or text branch code only
RB_0213,branch_name_and_code,branch_name_and_code/RB_0213.wav,branch_name_and_code/RB_0213.txt,40 مركبات,46، مركبات.,40 مركبات,46، مركبات,0.5,success,Contains both branch location/name and code details
RB_0149,branch_name_and_code,branch_name_and_code/RB_0149.wav,branch_name_and_code/RB_0149.txt,رسمية | المنطقة المحايدة,رسمية و14، المنطقة المحايدة.,رسميه المنطقه المحايده,رسميه و14، المنطقه المحايدة,0.6667,success,Contains both branch location/name and code details
RB_0086,branch_code,branch_code/RB_0086.wav,branch_code/RB_0086.txt,لا فرع مئة وسبعة,لا، فرع 107.,لا فرع 107,لا، فرع 107,0.3333,success,Contains numeric or text branch code only
RB_0469,branch_name,branch_name/RB_0469.wav,branch_name/RB_0469.txt,الفيصلية | الفيصلية | الواحة | الراكة | الريان | المزروعة | المزروعة,الفيصلية. الفيصلية. الواحة. الراكة. الريان. المزروعية. المزروعية.,الفيصليه الفيصليه الواحه الراكه الريان المزروعه المزروعه,الفيصلية الفيصلية الواحة الراكة الريان المزروعية المزروعية,0.8571,success,Contains specific branch name or location
RB_0150,branch_name_and_code,branch_name_and_code/RB_0150.wav,branch_name_and_code/RB_0150.txt,ثلاثمائة | وخمسة | عشر | سلوى,315، سلوى.,315 سلوي,315، سلوى,1.0,success,Contains both branch location/name and code details
RB_0214,branch_code,branch_code/RB_0214.wav,branch_code/RB_0214.txt,23 | 323 | 303 | 304 | 505 | 707 | 711 | 712 | 600,32. 323. 303. 304. 505. 707. 711. 712. 600.,23 323 303 304 505 707 711 712 600,32 323 303 304 505 707 711 712 600,0.1111,success,Contains numeric or text branch code only
RB_0342,branch_name_and_code,branch_name_and_code/RB_0342.wav,branch_name_and_code/RB_0342.txt,رئيسي | 101 | رئيسي,الرئيسي. 101 جدا رئيسي.,رئيسي 101 رئيسي,الرئيسي 101 جدا رئيسي,0.6667,success,Contains both branch location/name and code details
RB_0151,branch_name_and_code,branch_name_and_code/RB_0151.wav,branch_name_and_code/RB_0151.txt,رسمية | وخمسة | عشر | صفوة | رسمية,315، صفوة. 300.,رسميه 15 صفوه رسميه,315، صفوة 300,1.0,success,Contains both branch location/name and code details
RB_0343,branch_name_and_code,branch_name_and_code/RB_0343.wav,branch_name_and_code/RB_0343.txt,واحد | جدا | رئيسي | مئة | وواحد | جدا | رئيسي,101 جدة الرئيسي. 101 جدة الرئيسي.,1 جدا رئيسي 101 جدا رئيسي,101 جده الرئيسي 101 جده الرئيسي,0.8333,success,Contains both branch location/name and code details
RB_0215,branch_name,branch_name/RB_0215.wav,branch_name/RB_0215.txt,الفيصلية,347، الفيصلية.,الفيصليه,347، الفيصلية,2.0,success,Contains specific branch name or location
RB_0087,branch_code,branch_code/RB_0087.wav,branch_code/RB_0087.txt,فرع 109,409.,فرع 109,409,1.0,success,Contains numeric or text branch code only
RB_0468,branch_name,branch_name/RB_0468.wav,branch_name/RB_0468.txt,العيون | تاروت | ابن | خلدون | قرية | العليا | المنطقة | الصناعية | بالهفوف | أم | الحمام | حي | البساتين | الشهابية | شارع | الماجد | الربوة | بالظهران | شارع | النجاح | الدوحة | شارع | الظهران | الشركات | غرناطة | غرب | الدمام | كورنيش | الدمام | القدس | المركبات | المركبات | المركبات,العيون، كاروت، ابن خلدون، قرية العليا. المنطقة الصناعية بالهفوف، أم الحمام، حي البساتين، الشهابية. أمم، شارع الماجد، الربوة بالظهران، شارع النجاح، الدوحة، شارع الظهران الشركات، غرناطة. أمم، غرب الدمام، كورنيش الدمام، القدس، المريكبات. المريكبات، المريكبات.,العيون تاروت ابن خلدون قريه العليا المنطقه الصناعيه بالهفوف ام الحمام حي البساتين الشهابيه شارع الماجد الربوه بالظهران شارع النجاح الدوحه شارع الظهران الشركات غرناطه غرب الدمام كورنيش الدمام القدس المركبات المركبات المركبات,العيون، كاروت، ابن خلدون، قريه العليا المنطقه الصناعيه بالهفوف، ام الحمام، حي البساتين، الشهابية امم، شارع الماجد، الربوه بالظهران، شارع النجاح، الدوحة، شارع الظهران الشركات، غرناطة امم، غرب الدمام، كورنيش الدمام، القدس، المريكبات المريكبات، المريكبات,0.6364,success,Contains specific branch name or location
RB_0279,branch_name_and_code,branch_name_and_code/RB_0279.wav,branch_name_and_code/RB_0279.txt,421 | المروج | تبوك | 421. المروج. تبوك,421 المروج، تبوك. 421 المروج، تبوك.,421 المروج تبوك 421 المروج تبوك,421 المروج، تبوك 421 المروج، تبوك,0.3333,success,Contains both branch location/name and code details
RB_0088,branch_name,branch_name/RB_0088.wav,branch_name/RB_0088.txt,فرع قباء,فرع قطر.,فرع قباء,فرع قطر,0.5,success,Contains specific branch name or location
RB_0471,branch_name,branch_name/RB_0471.wav,branch_name/RB_0471.txt,الخزامى | العارية | العليا | العارية | العارية,الخزامى، النعيرية، العلية. النعيرية، النعيرية.,الخزامي العاريه العليا العاريه العاريه,الخزامى، النعيرية، العلية النعيرية، النعيرية,1.0,success,Contains specific branch name or location
RB_0152,branch_name_and_code,branch_name_and_code/RB_0152.wav,branch_name_and_code/RB_0152.txt,316 | الخبر,316، الخبر.,316 الخبر,316، الخبر,0.5,success,Contains both branch location/name and code details
RB_0344,branch_name_and_code,branch_name_and_code/RB_0344.wav,branch_name_and_code/RB_0344.txt,مئة | وستين | الشريفة | مئة | واثنين,صح. 102 الشريفة. 102.,160 الشريفه 102,صح 102 الشريفة 102,1.0,success,Contains both branch location/name and code details
RB_0280,branch_code,branch_code/RB_0280.wav,branch_code/RB_0280.txt,أبهى | خمسمية | أبهة,أبها. 500 أبها.,ابهي خمسميه ابهه,ابها 500 ابها,1.0,success,Contains numeric or text branch code only
RB_0408,branch_name,branch_name/RB_0408.wav,branch_name/RB_0408.txt,حي | العوالي | العوالي | العوالي,هي العوالي، العوالي، العوالي.,حي العوالي العوالي العوالي,هي العوالي، العوالي، العوالي,0.75,success,Contains specific branch name or location
RB_0089,branch_code,branch_code/RB_0089.wav,branch_code/RB_0089.txt,فرع 114,فرع 114.,فرع 114,فرع 114,0.0,success,Contains numeric or text branch code only
RB_0153,branch_name_and_code,branch_name_and_code/RB_0153.wav,branch_name_and_code/RB_0153.txt,رسمية | وسبعة | الجفر,317، الجفر.,رسميه 7 الجفر,317، الجفر,0.6667,success,Contains both branch location/name and code details
RB_0217,branch_name,branch_name/RB_0217.wav,branch_name/RB_0217.txt,الفيصلية,347، الفيصلية.,الفيصليه,347، الفيصلية,2.0,success,Contains specific branch name or location
RB_0281,branch_code,branch_code/RB_0281.wav,branch_code/RB_0281.txt,خمسمية. أبهة,500 أبها.,خمسمية ابهه,500 ابها,1.0,success,Contains numeric or text branch code only
RB_0090,branch_code,branch_code/RB_0090.wav,branch_code/RB_0090.txt,فرع 115,715.,فرع 115,715,1.0,success,Contains numeric or text branch code only
RB_0409,branch_name,branch_name/RB_0409.wav,branch_name/RB_0409.txt,الصناعية | مكة الصناعية,مكة الصناعية. مكة الصناعية.,الصناعيه مكه الصناعيه,مكه الصناعية مكه الصناعية,1.0,success,Contains specific branch name or location
RB_0473,branch_name,branch_name/RB_0473.wav,branch_name/RB_0473.txt,الجسر | . العلي | العلي | الحديثة | عرعر | دومة | الجندل | ضبا | ضبا | حالة | عمار | حقل | حقل | القريات | سكاكا,الجسر. العليا. العليا. الحديثة. عرعر. دومة الجندل. ضبا. ضبا. حالة عمار. حقل. حقل. القريات. سكاكا. سكاكا.,الجسر العلي العلي الحديثه عرعر دومه الجندل ضبا ضبا حاله عمار حقل حقل القريات سكاكا,الجسر العليا العليا الحديثة عرعر دومه الجندل ضبا ضبا حاله عمار حقل حقل القريات سكاكا سكاكا,0.2667,success,Contains specific branch name or location
RB_0154,branch_name_and_code,branch_name_and_code/RB_0154.wav,branch_name_and_code/RB_0154.txt,300 | الجفر,317، الجفر.,300 الجفر,317، الجفر,0.5,success,Contains both branch location/name and code details
RB_0282,branch_name_and_code,branch_name_and_code/RB_0282.wav,branch_name_and_code/RB_0282.txt,ما | يلاحظ | أحد | المسارحة | 501. أحد المسارحة,501، أحد المسارحة. 501، أحد المسارحة.,ما يلاحظ 1 المسارحه 501 1 المسارحه,501، 1 المسارحة 501، 1 المسارحة,0.7143,success,Contains both branch location/name and code details
RB_0218,branch_name_and_code,branch_name_and_code/RB_0218.wav,branch_name_and_code/RB_0218.txt,747 | الفيصلية | 347 الفيصلية,347، الفيصلية. 347، الفيصلية.,747 الفيصليه 347 الفيصليه,347، الفيصلية 347، الفيصلية,1.0,success,Contains both branch location/name and code details
RB_0346,branch_name_and_code,branch_name_and_code/RB_0346.wav,branch_name_and_code/RB_0346.txt,902 | الشريفة | 102,102 الشريفة؟ 102؟,902 الشريفه 102,102 الشريفة؟ 102؟,1.0,success,Contains both branch location/name and code details
RB_0474,branch_name,branch_name/RB_0474.wav,branch_name/RB_0474.txt,تبوك | . المهرجان | طريف | أملج | العلا | خيبر | المروج | أبها | أحد | المسارحة | بيشة | جازان | خميس | مشيط | النعمان | نجران | سبت | العليا | سبت. العليا,تبوك. المهرجان. طريف. أملج. العلا. خيبر. المروج. أبها. أحد المسارحة. بيشة. جازان. خميس مشيط. النعمان. نجران. سبت العلايا. سبت العلايا.,تبوك المهرجان طريف املج العلا خيبر المروج ابها 1 المسارحه بيشه جازان خميس مشيط النعمان نجران سبت العليا سبت العليا,تبوك المهرجان طريف املج العلا خيبر المروج ابها 1 المسارحة بيشة جازان خميس مشيط النعمان نجران سبت العلايا سبت العلايا,0.2,success,Contains specific branch name or location
RB_0091,branch_code,branch_code/RB_0091.wav,branch_code/RB_0091.txt,فرمي 115,715.,فرمي 115,715,1.0,success,Contains numeric or text branch code only
RB_0155,branch_name_and_code,branch_name_and_code/RB_0155.wav,branch_name_and_code/RB_0155.txt,11 | الجسر,14، الجفر.,11 الجسر,14، الجفر,1.0,success,Contains both branch location/name and code details
RB_0219,branch_name_and_code,branch_name_and_code/RB_0219.wav,branch_name_and_code/RB_0219.txt,347 | فصلية,347، الفيصلية.,347 فصليه,347، الفيصلية,1.0,success,Contains both branch location/name and code details
RB_0283,branch_name_and_code,branch_name_and_code/RB_0283.wav,branch_name_and_code/RB_0283.txt,بيشة | خمسمائة وثلاثة,503. 503.,بيشه 503,503 503,0.5,success,Contains both branch location/name and code details
RB_0347,branch_name,branch_name/RB_0347.wav,branch_name/RB_0347.txt,رد | الرئيس | بريدة | الرئيسي | بريدة | الرئيسي | بريدة الرئيسي,بريده. بريده الرئيسي. بريده الرئيسي. بريده الرئيسي. بريده الرئيسي.,رد الرئيس بريده الرئيسي بريده الرئيسي بريده الرئيسي,بريده بريده الرئيسي بريده الرئيسي بريده الرئيسي بريده الرئيسي,0.375,success,Contains specific branch name or location
RB_0475,branch_name,branch_name/RB_0475.wav,branch_name/RB_0475.txt,شرورا | صبيا | الباحة | بلجرشي | وادي | الدواسر | السليل | السليل | السوق | التجاري | أبو | عريش | النماص,شرورة. صبيا. الباحة. بلجرشي. وادي الدواسر. سليل. سليل. السوق التجاري. أبو عريش. النماص.,شرورا صبيا الباحه بلجرشي وادي الدواسر السليل السليل السوق التجاري ابو عريش النماص,شرورة صبيا الباحة بلجرشي وادي الدواسر سليل سليل السوق التجاري ابو عريش النماص,0.3077,success,Contains specific branch name or location
RB_0092,branch_code,branch_code/RB_0092.wav,branch_code/RB_0092.txt,فرع 117,817.,فرع 117,817,1.0,success,Contains numeric or text branch code only
RB_0156,branch_name_and_code,branch_name_and_code/RB_0156.wav,branch_name_and_code/RB_0156.txt,300 | الجسر,317، الجفر.,300 الجسر,317، الجفر,1.0,success,Contains both branch location/name and code details
RB_0220,branch_name_and_code,branch_name_and_code/RB_0220.wav,branch_name_and_code/RB_0220.txt,الفيصلية | ثلاثمائة | وسبعة | وأربعين,347، الفيصلية. 347.,الفيصليه 347,347، الفيصلية 347,1.0,success,Contains both branch location/name and code details
RB_0093,branch_code,branch_code/RB_0093.wav,branch_code/RB_0093.txt,فرع 119,719.,فرع 119,719,1.0,success,Contains numeric or text branch code only
RB_0284,branch_name_and_code,branch_name_and_code/RB_0284.wav,branch_name_and_code/RB_0284.txt,وأربعة | جازان | خمسمائة | وأربعة,4، جيزان. 504.,4 جازان 504,4، جيزان 504,0.6667,success,Contains both branch location/name and code details
RB_0412,branch_name,branch_name/RB_0412.wav,branch_name/RB_0412.txt,طريق | الحرمين | طريق الحرمين. الحرمين,طريق الحرمين. طريق الحرمين. الحرمين.,طريق الحرمين طريق الحرمين الحرمين,طريق الحرمين طريق الحرمين الحرمين,0.0,success,Contains specific branch name or location
RB_0221,branch_name_and_code,branch_name_and_code/RB_0221.wav,branch_name_and_code/RB_0221.txt,الرسمية | الفيصلية | ثلاث | مئة | وسبعة | وأربعين,347. الفيصلية. 347.,الرسميه الفيصليه 150,347 الفيصلية 347,1.0,success,Contains both branch location/name and code details
RB_0157,branch_name_and_code,branch_name_and_code/RB_0157.wav,branch_name_and_code/RB_0157.txt,388 | جامعة الملك فيصل,318، جامعة الملك فيصل.,388 جامعه الملك فيصل,318، جامعه الملك فيصل,0.25,success,Contains both branch location/name and code details
RB_0285,branch_name_and_code,branch_name_and_code/RB_0285.wav,branch_name_and_code/RB_0285.txt,خمسمئة | وخمسة. خميس مشيط,سمشيط. 505، خميس سمشيط.,500 وخمسة خميس مشيط,سمشيط 505، خميس سمشيط,0.75,success,Contains both branch location/name and code details
RB_0348,branch_name,branch_name/RB_0348.wav,branch_name/RB_0348.txt,البريد | الرئيسي | سيدي | الرئيس | بايدن | رئيسي | بريدها | الرئيسي | بايدن | رئيسي | بريده | بريده | بايدن. رئيسي,الرائد الرئيسي. الرائد الرئيسي. الرائد الرئيسي. الرائد الرئيسي. الرائد الرئيسي. الرائد الرئيسي. رائد الرئيسي.,البريد الرئيسي سيدي الرئيس بايدن رئيسي بريدها الرئيسي بايدن رئيسي بريده بريده بايدن رئيسي,الرائد الرئيسي الرائد الرئيسي الرائد الرئيسي الرائد الرئيسي الرائد الرئيسي الرائد الرئيسي رائد الرئيسي,0.8571,success,Contains specific branch name or location
RB_0476,branch_name,branch_name/RB_0476.wav,branch_name/RB_0476.txt,محايل | العريشة | . الغاط | الجردة | المذنب | الرقي | الدوادمي | المجمعة | الرس | الصفراء | الطوية | الأرض | زاوية | الأرض | زاوية,محايل. العريشة. الغاب. الجردة. المذنب. الرقي. الدوادمي. المجمعة. الرس. الصفراء. الأرطاوية. الأرطاوية.,محايل العريشه الغاط الجرده المذنب الرقي الدوادمي المجمعه الرس الصفراء الطويه الارض زاويه الارض زاويه,محايل العريشة الغاب الجردة المذنب الرقي الدوادمي المجمعة الرس الصفراء الارطاوية الارطاوية,0.6,success,Contains specific branch name or location
RB_0349,branch_name,branch_name/RB_0349.wav,branch_name/RB_0349.txt,طريق | الرئيسي | البريد | الرئيسي | بريدة | بريدة الرئيسي,بريدة. بريدة. بريد الرئيسي. بريد الرئيسي. بريدة. بريد الرئيسي.,طريق الرئيسي البريد الرئيسي بريده بريده الرئيسي,بريدة بريدة بريد الرئيسي بريد الرئيسي بريدة بريد الرئيسي,0.8571,success,Contains specific branch name or location
