audio_id,category,human_label,asr_transcript,normalized_human,normalized_asr,wer,sub,del,ins,ref_word_count,status,error_message
RB_0030,general_utterance,طيب مافي فرع ثاني غير هذول الفرعين,طيب، ما في طرف ثاني غير هذول الفرعين.,طيب مافي فرع ثاني غير هذول الفرعين,طيب، ما في طرف ثاني غير هذول الفرعين,0.5714,3,0,1,7,success,
RB_0094,branch_code,121,921.,121,921,1.0000,1,0,0,1,success,
RB_0158,unclear,300 | مول أرامكو,319، مول أرامكو.,300 مول ارامكو,319، مول ارامكو,0.3333,1,0,0,3,success,
RB_0414,general_utterance,شارع | حراء | شارع حراء. حراء,حراء. شارع حراء. شارع حراء. حراء.,شارع حراء شارع حراء حراء,حراء شارع حراء شارع حراء حراء,0.2000,0,0,1,5,success,
RB_0350,general_utterance,الأرض | خاوية | الطاوية | الطاوية | الطاوية | الطاوية | الطاوية | الطاوية,الأرطاوية، الأرطاوية، الأرطاوية، الأرطاوية، الأرطاوية، العرعر، الأرطاوية.,الارض خاويه الطاويه الطاويه الطاويه الطاويه الطاويه الطاويه,الارطاوية، الارطاوية، الارطاوية، الارطاوية، الارطاوية، العرعر، الارطاوية,1.0000,7,1,0,8,success,
RB_0286,unclear,506. مدينة الملك فيصل العسكرية,506، مدينة الملك فيصل العسكرية.,506 مدينه الملك فيصل العسكريه,506، مدينه الملك فيصل العسكرية,0.4000,2,0,0,5,success,
RB_0222,branch_code,307. الفيصلية,347، الفيصلية.,307 الفيصليه,347، الفيصلية,1.0000,2,0,0,2,success,
RB_0095,branch_code,123,320.,123,320,1.0000,1,0,0,1,success,
RB_0031,general_utterance,مافهمتيني أنا قاعده أسألك ايش الفرع القريب مني,مرحبًا، فين؟ أنا قاعدة أسألك عن الفرع القريب مني.,مافهمتيني انا قاعده اسالك ايش الفرع القريب مني,مرحبا، فين؟ انا قاعده اسالك عن الفرع القريب مني,0.3750,2,0,1,8,success,
RB_0287,general_utterance,اسمي | وسبعة | النعمان | خمس مئة | وسبعة,507، النعمان. 507.,اسمي 7 النعمان 112,507، النعمان 507,0.7500,2,1,0,4,success,
RB_0351,general_utterance,الرسم | الرس | الرأس | فرع | الرس | الرس,الرس، الرس، الرس. الرس، الرس، الرس. الرس فرع الرس. الرس.,الرسم الرس الراس فرع الرس الرس,الرس، الرس، الرس الرس، الرس، الرس الرس فرع الرس الرس,1.0000,2,0,4,6,success,
RB_0223,unclear,338 | ألواح | الدمام,348، الواحد، دمام.,338 الواح الدمام,348، الواحد، دمام,1.0000,3,0,0,3,success,
RB_0159,general_utterance,ثلاثمائة | وتسعة عشر | قاعدة | الجبيل البحرية,319 قاعدة الجبيل البحرية.,319 قاعده الجبيل البحريه,319 قاعده الجبيل البحرية,0.2500,1,0,0,4,success,
RB_0478,general_utterance,سوق | برزان | الرئيسي | بريدة | الرئيسي | حفر | الباطن | حايل | المنطقة | الصناعية | بحائل | حائل | الجابرية | عنيزة | رياض | الخضراء | رياض | الخبراء,سوق برزان. بريد الرئيسي. بريد الرئيسي. حفر الباطن. حايل. المنطقة الصناعية بحائل. حائل. الجابرية. عنيزة. رياض الخبرة. رياض الخبرة.,سوق برزان الرئيسي بريده الرئيسي حفر الباطن حايل المنطقه الصناعيه بحائل حائل الجابريه عنيزه رياض الخضراء رياض الخبراء,سوق برزان بريد الرئيسي بريد الرئيسي حفر الباطن حايل المنطقه الصناعيه بحائل حائل الجابرية عنيزة رياض الخبرة رياض الخبرة,0.3333,5,0,1,18,success,
RB_0032,branch_name,قتلك فرع العليا,فرع العليا.,قتلك فرع العليا,فرع العليا,0.3333,0,1,0,3,success,
RB_0479,unclear,,أنا.,,انا,1.0000,0,0,1,0,success,
RB_0415,general_utterance,أرصفة | الرصيف | رصيف | الرصيفة,الرصيفة. الرصيفة. الرصيفة. الرصيفة.,ارصفه الرصيف رصيف الرصيفه,الرصيفة الرصيفة الرصيفة الرصيفة,1.0000,4,0,0,4,success,
RB_0096,branch_code,فرع 123,فرع 123.,فرع 123,فرع 123,0.0000,0,0,0,2,success,
RB_0160,general_utterance,320 | قاعدة | الجبيل البحرية,320، قاعدة الجبيل البحرية.,320 قاعده الجبيل البحريه,320، قاعده الجبيل البحرية,0.5000,2,0,0,4,success,
RB_0224,branch_name,الواحة. الدمام,148، الواحة، الدمام.,الواحة الدمام,148، الواحة، الدمام,1.0000,1,0,1,2,success,
RB_0001,branch_code,احد سبعة ستة,176.,176,176,0.0000,0,0,0,1,success,
RB_0288,general_utterance,ثمانية | نجران | وثمانية | خمسمئة وثمانية,8، نجران. 508. 508. صحيح.,8 نجران 516,8، نجران 508 508 صحيح,1.3333,2,0,2,3,success,
RB_0352,general_utterance,المجمعة | المجمعة | المجمعة | المجمعة | فرع المجمعة,المجمعة، المجمعة، المجمعة، المجمعة. فرع المجمعة.,المجمعه المجمعه المجمعه المجمعه فرع المجمعه,المجمعة، المجمعة، المجمعة، المجمعة فرع المجمعة,0.8333,5,0,0,6,success,
RB_0416,branch_name,الفلاح | الفلاح. الفلاح,الفلاح. الفلاح. الفلاح.,الفلاح الفلاح الفلاح,الفلاح الفلاح الفلاح,0.0000,0,0,0,3,success,
RB_0480,general_utterance,الزلفي | البكيرية | الخالدية | البحيرة | الريان,آه، الزلفي. الكارية. الخالدية. البحيرة. الريان.,الزلفي البكيريه الخالديه البحيره الريان,اه، الزلفي الكارية الخالدية البحيرة الريان,0.8000,3,0,1,5,success,
RB_0033,general_utterance,ابغا اتأكد من ساعات العمل الله يعافيك,أبغى أتأكد من ساعات العمل، الله يعافيك.,ابغا اتاكد من ساعات العمل الله يعافيك,ابغي اتاكد من ساعات العمل، الله يعافيك,0.2857,2,0,0,7,success,
RB_0097,branch_code,144,124.,144,124,1.0000,1,0,0,1,success,
RB_0161,general_utterance,تلتمية | واحد | وعشرين | طريق | الملك عبد | العزيز,321، طريق الملك عبدالعزيز.,تلتميه 21 طريق الملك عبد العزيز,321، طريق الملك عبدالعزيز,0.6667,2,2,0,6,success,
RB_0225,general_utterance,ثلاثمائة | وثمانية وأربعين. الواحة. الدمام,348، الواحد، دمام.,348 الواحة الدمام,348، الواحد، دمام,1.0000,3,0,0,3,success,
RB_0289,branch_code,خمسمية وثمانية نجران,508، نجران.,خمسميه 8 نجران,508، نجران,0.6667,1,1,0,3,success,
RB_0481,general_utterance,We are | told that | Now,خليها حفرة بلديه يستحقر. 加油。 黑哥要去黑哥要去黑哥要去伊拉克吗？ 100美金去不去？ 3个月拿了。,We are told that Now,خليها حفره بلديه يستحقر 加油 黑哥要去黑哥要去黑哥要去伊拉克吗 100美金去不去 3个月拿了,1.6000,5,0,3,5,success,
RB_0353,general_utterance,الدوادمي | الدوادمي | الدوادمي | الدوادمي,الدوادمي. الدوادمي. الدوادمي. الدوادمي. الدوادمي.,الدوادمي الدوادمي الدوادمي الدوادمي,الدوادمي الدوادمي الدوادمي الدوادمي الدوادمي,0.2500,0,0,1,4,success,
RB_0417,general_utterance,هي | شراء | . أي | شراء | أي | شراء | أي | . الشرائع | الشرائع,أيش؟ أيش شرائع؟ أيش شرائع؟ أيش شرائع؟ أيش شرائع؟ شرائع.,هي شراء اي شراء اي شراء اي الشرائع الشرائع,ايش؟ ايش شرائع؟ ايش شرائع؟ ايش شرائع؟ ايش شرائع؟ شرائع,1.1111,9,0,1,9,success,
RB_0034,branch_name,عربي,عَرَقي.,عربي,عرقي,1.0000,1,0,0,1,success,
RB_0002,general_utterance,ايه حوليني,الحنان.,ايه حوليني,الحنان,1.0000,1,1,0,2,success,
RB_0162,general_utterance,فرست | 121 | طريق | الملك | عبد العزيز,321، طريق الملك عبدالعزيز.,فرست 121 طريق الملك عبد العزيز,321، طريق الملك عبدالعزيز,0.6667,2,2,0,6,success,
RB_0098,branch_code,فرع 128,228.,فرع 128,228,1.0000,1,1,0,2,success,
RB_0226,branch_name,لا | الراكب,349، الراكب.,لا الراكب,349، الراكب,0.5000,1,0,0,2,success,
RB_0290,general_utterance,خمسمئة | وتسعة | ست في | العناية | سبت | العناية,509، سبت العلايا. سبت العلايا.,515 في العنايه سبت العنايه,509، سبت العلايا سبت العلايا,0.8000,4,0,0,5,success,
RB_0418,general_utterance,الشراء | شراء | أي شراء,الشرائع. حي الشرائع. حي الشرائع.,الشراء شراء اي شراء,الشرائع حي الشرائع حي الشرائع,1.2500,4,0,1,4,success,
RB_0354,general_utterance,الغاط | الغاط | الغاط | 613 الغاط,الغاط. الغاط. الغاط. الغاط. الغاط. 613، الغاط.,الغاط الغاط الغاط 613 الغاط,الغاط الغاط الغاط الغاط الغاط 613، الغاط,0.6000,1,0,2,5,success,
RB_0035,branch_name,عربي,العربي.,عربي,العربي,1.0000,1,0,0,1,success,
RB_0003,branch_code,رع 307,307.,رع 307,307,0.5000,0,1,0,2,success,
RB_0482,general_utterance,Hello | hello | hello | My | branch | code | is | Riada | Riada | My | brand | My | branch | name | is | the | man | The | man | My | French | name | is | Martin | Medina | The | man,"Hello, hello, hello. My branch code is Riyadh, Riyadh. My branch name is Dammam, Dammam. My branch name is مدينة، مدينة. Dammam, Jeddah, Jeddah. السلام عليكم، أستاذة نيشير.",Hello hello hello My branch code is Riada Riada My brand My branch name is the man The man My French name is Martin Medina The man,Hello hello hello My branch code is Riyadh Riyadh My branch name is Dammam Dammam My branch name is مدينة، مدينة Dammam Jeddah Jeddah السلام عليكم، استاذه نيشير,0.6667,9,4,5,27,success,
RB_0227,branch_code,399 الراكة,349، الراكة. تفضل.,399 الراكه,349، الراكة تفضل,1.5000,2,0,1,2,success,
RB_0099,branch_code,فرع 130,فرع 130.,فرع 130,فرع 130,0.0000,0,0,0,2,success,
RB_0163,general_utterance,تلتمية | واثنين | وعشرين | الكلوية,322 الجلوية.,تلتميه 22 الكلويه,322 الجلوية,1.0000,2,1,0,3,success,
RB_0291,general_utterance,الشعور | خمسمية وعشرة. شرورة,لا، شرورة. 510 شرورة.,الشعور خمسميه وعشرة شروره,لا، شرورة 510 شرورة,1.0000,4,0,0,4,success,
RB_0355,general_utterance,أثلج | . السلام | السلام | السلام | فرع | السلام | السلام,أسلان. أسلان. أسلان. فرع سلان. أسلان.,اثلج السلام السلام السلام فرع السلام السلام,اسلان اسلان اسلان فرع سلان اسلان,0.8571,5,1,0,7,success,
RB_0419,branch_name,البساتين | البساتين. البساتين,البساتين. البساتين. البساتين.,البساتين البساتين البساتين,البساتين البساتين البساتين,0.0000,0,0,0,3,success,
RB_0004,general_utterance,قلت لك بطاقتي ضاعت فأحتاج مساعدة,قلت لك بطاقتي ضاعت، فأحتاج مساعدة.,قلت لك بطاقتي ضاعت فاحتاج مساعده,قلت لك بطاقتي ضاعت، فاحتاج مساعدة,0.3333,2,0,0,6,success,
RB_0036,general_utterance,طيب بتحوليني على اي فرع,عبد الحليم العيسى.,طيب بتحوليني علي اي فرع,عبد الحليم العيسى,1.0000,3,2,0,5,success,
RB_0483,general_utterance,فرع | برايد | الرئيسي | برايد | الرئيسي | بريدة | الرئيسي | فرع بريدة الرئيسي,فرع بريدة الرئيسي. بريدة الرئيسي. بريدة الرئيسي. فرع بريدة الرئيسي.,فرع برايد الرئيسي برايد الرئيسي بريده الرئيسي فرع بريده الرئيسي,فرع بريده الرئيسي بريده الرئيسي بريده الرئيسي فرع بريده الرئيسي,0.2000,2,0,0,10,success,
RB_0100,branch_code,واحد أربعة سبعة,147.,147,147,0.0000,0,0,0,1,success,
RB_0164,general_utterance,ثلاثمئة | واثنين | . الكلوية,322 ألف لُوية.,302 الكلويه,322 الف لوية,1.5000,2,0,1,2,success,
RB_0292,unclear,فصلية | 511. الفيصلية,الفيصلية. 511 الفيصلية.,فصليه 511 الفيصليه,الفيصلية 511 الفيصلية,0.6667,2,0,0,3,success,
RB_0356,general_utterance,الباحة | الباحة | الباحة. الباحة,ها. الباحة. الباحة. الباحة. الباحة.,الباحه الباحه الباحة الباحه,ها الباحة الباحة الباحة الباحة,1.0000,3,0,1,4,success,
RB_0228,general_utterance,الريان | 150 | ثلاثمئة وخمسين,150 الريان. 350. 350.,الريان 150 350,150 الريان 350 350,0.6667,1,0,1,3,success,
RB_0420,general_utterance,مركز | مبيعات جدة. مركز مبيعات جدة,جدة. مركز مبيعات جدة. مركز مبيعات جدة.,مركز مبيعات جدة مركز مبيعات جده,جدة مركز مبيعات جدة مركز مبيعات جدة,0.3333,1,0,1,6,success,
RB_0037,general_utterance,ايش الفروع,إيش الفرع؟,ايش الفروع,ايش الفرع؟,0.5000,1,0,0,2,success,
RB_0101,branch_code,فرع 147,147.,فرع 147,147,0.5000,0,1,0,2,success,
RB_0165,general_utterance,ثلاثمائة | وثلاثة | وعشرون | الجبيل الصناعية,323، الجبيل الصناعية.,323 الجبيل الصناعيه,323، الجبيل الصناعية,0.6667,2,0,0,3,success,
RB_0229,branch_code,350. الريان,1150، الريان.,350 الريان,1150، الريان,0.5000,1,0,0,2,success,
RB_0484,branch_name,بريدها الرئيسي,بريده الرئيسي.,بريدها الرئيسي,بريده الرئيسي,0.5000,1,0,0,2,success,
RB_0005,branch_name,الفرع الرئيسي,الفرع الرئيسي.,الفرع الرئيسي,الفرع الرئيسي,0.0000,0,0,0,2,success,
RB_0357,general_utterance,حب في | العناية | . ثبت | علميا | سبت | العلاج | سبت. العليا,سبت العلايا. سبت العلايا. سبت العلايا. سبت العلايا.,حب في العنايه ثبت علميا سبت العلاج سبت العليا,سبت العلايا سبت العلايا سبت العلايا سبت العلايا,0.7778,6,1,0,9,success,
RB_0293,unclear,تعش | صبيا | 513,16 صبيا. 513.,تعش صبيا 513,16 صبيا 513,0.3333,1,0,0,3,success,
RB_0421,general_utterance,الرياضة | الرئيسي | الرياضة | الرئيسي | الرياض الرئيسي,الرياض الرئيسي. الرياض الرئيسي. الرياض الرئيسي.,الرياضه الرئيسي الرياضه الرئيسي الرياض الرئيسي,الرياض الرئيسي الرياض الرئيسي الرياض الرئيسي,0.3333,2,0,0,6,success,
RB_0485,branch_name,بريدة الرئيسي,بريده الرئيسي.,بريده الرئيسي,بريده الرئيسي,0.0000,0,0,0,2,success,
RB_0038,general_utterance,فرع الرياض,فرع الرياض.,فرع الرياض,فرع الرياض,0.0000,0,0,0,2,success,
RB_0006,general_utterance,ما يهمني حوليني على أي فرع,آه، ما يهمني، حوليني على أي فرع.,ما يهمني حوليني علي اي فرع,اه، ما يهمني، حوليني علي اي فرع,0.3333,1,0,1,6,success,
RB_0102,branch_code,149,149.,149,149,0.0000,0,0,0,1,success,
RB_0358,branch_code,ثلاثمائة وواحد,301.,301,301,0.0000,0,0,0,1,success,
RB_0230,general_utterance,رسميا | المزروعي | ثلاثمائة | وواحد | وخمسين | المزروعي,351 المزروعية. 351 المزروعية.,رسميا المزروعي 351 المزروعي,351 المزروعية 351 المزروعية,0.7500,3,0,0,4,success,
RB_0166,general_utterance,رسمية | و24 | العيون,324 العيون.,رسميه و24 العيون,324 العيون,0.6667,1,1,0,3,success,
RB_0294,general_utterance,داعش | أرباحا | 514. البارحة,14 الباحة. 514 الباحة.,داعش ارباحا 514 البارحه,14 الباحة 514 الباحة,0.7500,3,0,0,4,success,
RB_0422,general_utterance,المدارس | الملز | الملف | الملاذ | الملف,الملز. الملز. الملز. الملز. الملز.,المدارس الملز الملف الملاذ الملف,الملز الملز الملز الملز الملز,0.8000,4,0,0,5,success,
RB_0007,general_utterance,ايه حوليني,إحمداني.,ايه حوليني,احمداني,1.0000,1,1,0,2,success,
RB_0486,unclear,,أهلًا.,,اهلا,1.0000,0,0,1,0,success,
RB_0039,general_utterance,اي حوليني,الحولاني.,اي حوليني,الحولاني,1.0000,1,1,0,2,success,
RB_0167,general_utterance,السنية | أسد | تاروت,326. تاروت.,السنيه اسد تاروت,326 تاروت,0.6667,1,1,0,3,success,
RB_0103,branch_code,مية وتسعة واربعين,149.,149,149,0.0000,0,0,0,1,success,
RB_0231,branch_code,352,352.,352,352,0.0000,0,0,0,1,success,
RB_0295,unclear,115 | بلجرشي | 515,515، بلجرشي. 515.,115 بلجرشي 515,515، بلجرشي 515,0.3333,1,0,0,3,success,
RB_0423,general_utterance,المتحف | البطحاء | الذبحة | المضحك | المضحك | المضحك,البطحه. البطحه. البطحه. البطحه. البطحه. البطحه.,المتحف البطحاء الذبحه المضحك المضحك المضحك,البطحه البطحه البطحه البطحه البطحه البطحه,1.0000,6,0,0,6,success,
RB_0359,general_utterance,جد | الرئيس | . جد | الرئيس | جدها | الرئيس | جد | الرئيس | جدها الرئيس,جدة الرئيسي، جدة الرئيسي، جدة الرئيسي. جدة الرئيسي، جدة الرئيسي.,جد الرئيس جد الرئيس جدها الرئيس جد الرئيس جدها الرئيس,جده الرئيسي، جده الرئيسي، جده الرئيسي جده الرئيسي، جده الرئيسي,1.0000,10,0,0,10,success,
RB_0487,general_utterance,بريدة الرئيسي | الطاوية | الدرس | . المجمعة | المجمعة | الدوادمي | الغاط | السليل | الباحة | سبت | العليا | جدة الرئيسي. الشرفية. الكندرة,أمم... بريد الرئيسي: الأرطاوية، الرس، المجم- المجمعة، الدوادمي، الغاب، السليل، الباحة، ثبت العلاية، جدة الرئيسي، الشرفية، الكندرة.,بريده الرئيسي الطاويه الدرس المجمعه المجمعه الدوادمي الغاط السليل الباحه سبت العليا جده الرئيسي الشرفية الكندره,امم بريد الرئيسي الارطاوية، الرس، المجم المجمعة، الدوادمي، الغاب، السليل، الباحة، ثبت العلاية، جده الرئيسي، الشرفية، الكندرة,0.9375,14,0,1,16,success,
RB_0008,branch_name,فرع جدة الرئيسي,فرع الشريفة.,فرع جده الرئيسي,فرع الشريفة,0.6667,1,1,0,3,success,
RB_0168,general_utterance,ثلاث | مئة | وستة | وعشرين | تاروت,326 كاروت.,129 تاروت,326 كاروت,1.0000,2,0,0,2,success,
RB_0040,branch_code,ثلاثمائة وثلاثة,303.,303,303,0.0000,0,0,0,1,success,
RB_0104,branch_code,فرع 150,850.,فرع 150,850,1.0000,1,1,0,2,success,
RB_0296,branch_code,515. بلجرشي,515 بلجرشي.,515 بلجرشي,515 بلجرشي,0.0000,0,0,0,2,success,
RB_0232,branch_name,أمسينا | منعزلة,50، أنا نازلة.,امسينا منعزله,50، انا نازلة,1.5000,2,0,1,2,success,
RB_0360,general_utterance,الشفيع | الشرفية | الشرفية | الشرفية | الشرفية,الشرفية. الشرفية. الشرفية. الشرفية. الشرفية.,الشفيع الشرفيه الشرفيه الشرفيه الشرفيه,الشرفية الشرفية الشرفية الشرفية الشرفية,1.0000,5,0,0,5,success,
RB_0424,general_utterance,المنطقة | الصناعية | المنطقة | الصناعية,المنطقة الصناعية. المنطقة الصناعية. تمام.,المنطقه الصناعيه المنطقه الصناعيه,المنطقه الصناعية المنطقه الصناعية تمام,0.7500,2,0,1,4,success,
RB_0488,general_utterance,كلامك | الرئيسي | . صفحة | الكزاز | واحد | قباء | حي | المحجر | ألمع | المعابد | رابغ | الحبيبية | تربة | الحوية,مكّا الرئيسي، طرحة القزاز، أحد، غبا، حي المحجر، المعابده، رابغ، العتيبيه، تربه، الحويه.,كلامك الرئيسي صفحه الكزاز 1 قباء حي المحجر المع المعابد رابغ الحبيبيه تربه الحويه,مكا الرئيسي، طرحه القزاز، احد، غبا، حي المحجر، المعابده، رابغ، العتيبيه، تربه، الحويه,0.8571,11,1,0,14,success,
RB_0009,general_utterance,ممكن تحوليني على قسم المبيعات,ممكن تحوليني على قسم المبيعات؟,ممكن تحوليني علي قسم المبيعات,ممكن تحوليني علي قسم المبيعات؟,0.2000,1,0,0,5,success,
RB_0041,branch_code,فرع 303,فرع 310.,فرع 303,فرع 310,0.5000,1,0,0,2,success,
RB_0105,branch_code,فرع مية واثنين وخمسين,فرع 152.,فرع 152,فرع 152,0.0000,0,0,0,2,success,
RB_0169,branch_code,360 | تاروت,326 تاروت.,360 تاروت,326 تاروت,0.5000,1,0,0,2,success,
RB_0233,general_utterance,المنازلة | المنازلة | مائة | واثنين | وخمسين | ثلاث مئة | واثنين | وخمسين | المنازلة,352 المنازلة. 352 المنازلة. 352. 352 المنازلة.,المنازله المنازله 307 المنازله,352 المنازلة 352 المنازلة 352 352 المنازلة,1.7500,4,0,3,4,success,
RB_0297,general_utterance,316 وادي | الدواسر | 516 | 516. وادي الدواسر,516 وادي الدواسر. 516. 516 وادي الدواسر.,316 وادي الدواسر 516 516 وادي الدواسر,516 وادي الدواسر 516 516 وادي الدواسر,0.1429,1,0,0,7,success,
RB_0425,general_utterance,الفرد | . الخرج | الخرج. الخرج,الخرج. الخرج. الخرج. الخرج.,الفرد الخرج الخرج الخرج,الخرج الخرج الخرج الخرج,0.2500,1,0,0,4,success,
RB_0361,general_utterance,ألكسندر | كالدر | الكندرة | الكندرة,الكندرة. الكندرة. الكندرة. الكندرة.,الكسندر كالدر الكندره الكندره,الكندرة الكندرة الكندرة الكندرة,1.0000,4,0,0,4,success,
RB_0042,branch_code,مئة وأربعة,آه، 104.,104,اه، 104,1.0000,0,0,1,1,success,
RB_0489,general_utterance,مكة. الرئيسي. طرحة القزاز. أحد,مكة الرئيسي، برحة القزاز، أحد.,مكة الرئيسي طرحه القزاز 1,مكه الرئيسي، برحه القزاز، 1,0.8000,4,0,0,5,success,
RB_0010,general_utterance,أنا أسأل اذا عندكم خدمة مبيعات,أنا أسأل إذا عندكم خدمة مبيعات.,انا اسال اذا عندكم خدمه مبيعات,انا اسال اذا عندكم خدمه مبيعات,0.0000,0,0,0,6,success,
RB_0106,branch_code,163,آه، 163.,163,اه، 163,1.0000,0,0,1,1,success,
RB_0170,general_utterance,فلا | اسمية | ابن | خلدون,327 ابن خلدون.,فلا اسميه ابن خلدون,327 ابن خلدون,0.5000,1,1,0,4,success,
RB_0234,general_utterance,شرفني | المنازلة | ثلاثمائة واثنين وخمسين,352 المنازلة. 352. 352.,شرفني المنازله 352,352 المنازلة 352 352,1.0000,2,0,1,3,success,
RB_0298,unclear,وادي | الدواسر 516,وادي الدواسر. 516.,وادي الدواسر 516,وادي الدواسر 516,0.0000,0,0,0,3,success,
RB_0490,branch_name,المعبدة,المحاسبة.,المعبده,المحاسبة,1.0000,1,0,0,1,success,
RB_0426,general_utterance,شكرا | شكرا | شكرا شكرا,شكراً.,شكرا شكرا شكرا شكرا,شكرا,0.7500,0,3,0,4,success,
RB_0362,general_utterance,مكة | الرئيسي | مكة | الرئيسي | مكة الرئيسي,مكة الرئيسي. مكة الرئيسي. مكة الرئيسي.,مكه الرئيسي مكه الرئيسي مكه الرئيسي,مكه الرئيسي مكه الرئيسي مكه الرئيسي,0.0000,0,0,0,6,success,
RB_0011,general_utterance,بنك الرياض,بنك الرياض.,بنك الرياض,بنك الرياض,0.0000,0,0,0,2,success,
RB_0043,branch_name,فرع مكة,مطار مكة.,فرع مكه,مطار مكة,1.0000,2,0,0,2,success,
RB_0235,general_utterance,ترى | 333 | الشارع | الأول | 333,353 الشارع الأول، 353.,تري 333 الشارع الاول 333,353 الشارع الاول، 353,0.8000,3,1,0,5,success,
RB_0107,branch_code,167,167.,167,167,0.0000,0,0,0,1,success,
RB_0171,general_utterance,ثلاثمئة | وسبعة وعشرين. ابن خلدون,327 ابن خلدون.,327 ابن خلدون,327 ابن خلدون,0.0000,0,0,0,3,success,
RB_0491,general_utterance,بدر | طريق | الميناء | حي | التحلية | السري | الرصيفة | حي | الشرائع | الرياض الرئيسي | الملز | البطحاء. الخرج. شقرا. السليمانية,بدر، طريق المينا، حي التحلية، السري، الرصيفة، حي الشرائع، الرياض الرئيسي، الملز، البطحا، الخرج، شقرة، السليمانية.,بدر طريق الميناء حي التحليه السري الرصيفه حي الشرائع الرياض الرئيسي الملز البطحاء الخرج شقرا السليمانيه,بدر، طريق المينا، حي التحلية، السري، الرصيفة، حي الشرائع، الرياض الرئيسي، الملز، البطحا، الخرج، شقرة، السليمانية,0.7500,12,0,0,16,success,
RB_0363,general_utterance,المدينة | المنورة | المدينة | المدينة,المدينه المنوره. المدينه. المدينه.,المدينه المنوره المدينه المدينه,المدينه المنوره المدينه المدينه,0.0000,0,0,0,4,success,
RB_0299,branch_code,517 | السلام,517، سليمة. سليمة.,517 السلام,517، سليمة سليمة,1.5000,2,0,1,2,success,
RB_0012,branch_name,أنا عميل ماسي,أنا عمي بنصي.,انا عميل ماسي,انا عمي بنصي,0.6667,2,0,0,3,success,
RB_0427,general_utterance,ثمانية | سليمانية | ثمانية | سليمانية | السليمانية | السليمانية,سليمانية. سليمانية. سليمانية. سليمانية. سليمانية. سليمانية. سليمانية.,8 سليمانيه 8 سليمانيه السليمانيه السليمانيه,سليمانية سليمانية سليمانية سليمانية سليمانية سليمانية سليمانية,1.1667,6,0,1,6,success,
RB_0044,branch_name,عربي عربي,عربي، عربي.,عربي عربي,عربي، عربي,0.5000,1,0,0,2,success,
RB_0108,branch_code,ميه وثمانين,آه، 180.,180,اه، 180,1.0000,0,0,1,1,success,
RB_0236,general_utterance,مئة | وأربعة | وخمسين | الفواتير,154 فناتير.,154 الفواتير,154 فناتير,0.5000,1,0,0,2,success,
RB_0172,general_utterance,رسميا | قرية | العليا | 325 | قرية | العليا,328، قرية العليا. 328، قرية العليا. 328.,رسميا قريه العليا 325 قريه العليا,328، قريه العليا 328، قريه العليا 328,0.5000,2,0,1,6,success,
RB_0300,branch_code,518. السوق التجاري,518، السوق التجاري.,518 السوق التجاري,518، السوق التجاري,0.3333,1,0,0,3,success,
RB_0428,branch_name,القادسية. القادسية,القادسية. القادسية.,القادسية القادسيه,القادسية القادسية,0.5000,1,0,0,2,success,
RB_0492,general_utterance,لبن | التخصصي | السويدي | القويعية | الرمة | عرقة | العريقة | المروج | الندى | نمار | الجبال | الجليدية. المركبات المزروعة,لبن التخصصي السويدي، القويعية، الظرمة، عرقه، العريجة، المروج، الندى، النمار، الجبيل، الجلوية، المريكبات، المزروعية.,لبن التخصصي السويدي القويعيه الرمه عرقه العريقه المروج الندي نمار الجبال الجليدية المركبات المزروعه,لبن التخصصي السويدي، القويعية، الظرمة، عرقه، العريجة، المروج، الندى، النمار، الجبيل، الجلوية، المريكبات، المزروعية,0.8571,12,0,0,14,success,
RB_0045,general_utterance,أنا عند فرع جده الرئيسي وأبي اتكلم مع المدير الحين,أنا عند فرع جدة الرئيسي، وبتكلم مع المدير الحين.,انا عند فرع جده الرئيسي وابي اتكلم مع المدير الحين,انا عند فرع جده الرئيسي، وبتكلم مع المدير الحين,0.3000,2,1,0,10,success,
RB_0364,general_utterance,قرحة | الكزاز | طرحت | الكزاز | طرحت | الكزاز | طرحت | الكزاز | طرحت | الكزاز | طرحت الكزاز,طرحة القزاز. طرحة القزاز. طرحة القزاز. طرحة القزاز. طرحة القزاز. طرحة القزاز.,قرحه الكزاز طرحت الكزاز طرحت الكزاز طرحت الكزاز طرحت الكزاز طرحت الكزاز,طرحه القزاز طرحه القزاز طرحه القزاز طرحه القزاز طرحه القزاز طرحه القزاز,1.0000,12,0,0,12,success,
RB_0013,general_utterance,حوليني على السيلز,أمم، الحوالين على السادس...,حوليني علي السيلز,امم، الحوالين علي السادس,1.0000,2,0,1,3,success,
RB_0109,branch_code,184,184.,184,184,0.0000,0,0,0,1,success,
RB_0365,branch_code,أحد | . أحد | أحد,فرع 1. فرع 1. فرع 1.,111,فرع 1 فرع 1 فرع 1,6.0000,1,0,5,1,success,
RB_0301,unclear,أبو | عريش | 520,120، أبو عريش. 520.,ابو عريش 520,120، ابو عريش 520,0.3333,0,0,1,3,success,
RB_0173,general_utterance,ثلاثمئة | وثمانية | وعشرين | قرية | العليا | وثمانية | وعشرين,328، قرية العليا. 328.,328 قريه العليا 28,328، قريه العليا 328,0.5000,2,0,0,4,success,
RB_0429,general_utterance,المهنية | العليا | . العليا | العليا | العليا,العليا. العليا. العليا. العليا. العليا.,المهنيه العليا العليا العليا العليا,العليا العليا العليا العليا العليا,0.2000,1,0,0,5,success,
RB_0014,general_utterance,أنا ماعرف اسم الفرع فممكن تقوليلي أقرب فرع لي,أنا ما أعرف اسم الفرع، فممكن تقولي لي أقرب فرع لي؟,انا ماعرف اسم الفرع فممكن تقوليلي اقرب فرع لي,انا ما اعرف اسم الفرع، فممكن تقولي لي اقرب فرع لي؟,0.6667,4,0,2,9,success,
RB_0046,general_utterance,ليش تحوليني على الأوبريتر,ليش تحوليني على أوبريتر؟,ليش تحوليني علي الاوبريتر,ليش تحوليني علي اوبريتر؟,0.2500,1,0,0,4,success,
RB_0237,general_utterance,رسمية | الخدمات | المصرفية | الخاصة | ثلاثمئة | وخمسة | وخمسين,355، الخدمات المصرفية الخاصة. 355.,رسميه الخدمات المصرفيه الخاصه 355,355، الخدمات المصرفيه الخاصة 355,0.4000,2,0,0,5,success,
RB_0493,general_utterance,المنازلة | الفناتير | النعيرية | العلي | النماص | رياض الخبراء | أبها | القريات. حقل ضبا,النيزلة، الفناتير، النعيرية، العلية، النماص، رياض الخبرة، أبهى، القريات، حقل، ضبى.,المنازله الفناتير النعيريه العلي النماص رياض الخبراء ابها القريات حقل ضبا,النيزلة، الفناتير، النعيرية، العلية، النماص، رياض الخبرة، ابهى، القريات، حقل، ضبى,0.9091,10,0,0,11,success,
RB_0174,unclear,,أهلًا.,,اهلا,1.0000,0,0,1,0,success,
RB_0110,branch_code,فرع 183,فرع 183.,فرع 183,فرع 183,0.0000,0,0,0,2,success,
RB_0238,general_utterance,306 | الخزامى | ثلاثمئة | وخمسين,356 الخزامى. 356. 356.,306 الخزامي 350,356 الخزامى 356 356,1.3333,3,0,1,3,success,
RB_0366,general_utterance,الغرفة | التجارية | الغرفة | التجارية. الغرفة التجارية,الغرفة التجارية. الغرفة التجارية. الغرفة التجارية.,الغرفه التجاريه الغرفه التجارية الغرفه التجاريه,الغرفه التجارية الغرفه التجارية الغرفه التجارية,0.3333,2,0,0,6,success,
RB_0302,general_utterance,خميس | مشيط | طريق | الملك | فهد | 321,52، 55، طريق الملك فهد 521.,خميس مشيط طريق الملك فهد 321,52، 55، طريق الملك فهد 521,0.5000,3,0,0,6,success,
RB_0430,general_utterance,لبن | When | اللبن | اللبن | لبن,لبن. لبن. لبن. لبن. لبن. لبن. لبن.,لبن When اللبن اللبن لبن,لبن لبن لبن لبن لبن لبن لبن,1.0000,3,0,2,5,success,
RB_0494,unclear,,أهلًا.,,اهلا,1.0000,0,0,1,0,success,
RB_0015,general_utterance,ماعرف انتي المفروض تعرفين,معك بنك المفروض الترفيه.,ماعرف انتي المفروض تعرفين,معك بنك المفروض الترفيه,0.7500,3,0,0,4,success,
RB_0047,branch_name,بس هذا الفرعين,أسامة الفرعان.,بس هذا الفرعين,اسامه الفرعان,1.0000,2,1,0,3,success,
RB_0111,branch_code,185,185.,185,185,0.0000,0,0,0,1,success,
RB_0303,general_utterance,خميس | مشيط. طريق | الملك | فهد | 521,50، 21، خميس مشيط، طريق الملك فهد. 521.,خميس مشيط طريق الملك فهد 521,50، 21، خميس مشيط، طريق الملك فهد 521,0.5000,1,0,2,6,success,
RB_0016,branch_name,فرع كورنيش الدمام,فرع كنيس النمام.,فرع كورنيش الدمام,فرع كنيس النمام,0.6667,2,0,0,3,success,
RB_0239,general_utterance,356 | 303 | 354 | النعيرية | العزيزية | الخزامى | الفواتير,356. 303. 354. العيرية. العزيزية. الخزامى. الفناتير.,356 303 354 النعيريه العزيزيه الخزامي الفواتير,356 303 354 العيرية العزيزية الخزامى الفناتير,0.5714,4,0,0,7,success,
RB_0048,general_utterance,كيف اكتب لك وأنا قاعدة أكلمك,كيف أكتب لك وردة على كلمة؟,كيف اكتب لك وانا قاعده اكلمك,كيف اكتب لك ورده علي كلمة؟,0.5000,3,0,0,6,success,
RB_0112,branch_name,طريق الحرمين,طريق الحرمين...,طريق الحرمين,طريق الحرمين,0.0000,0,0,0,2,success,
RB_0175,general_utterance,ثلاثة | اثنين | ثمانية | ثلاثمائة وثمانية | وعشرين | اثنين. ثمانية | وعشرين,328. 328. 328.,371,328 328 328,3.0000,1,0,2,1,success,
RB_0431,general_utterance,مصنع | الحربية | المصانع | الحربية,المصانع الحربية. المصانع الحربية.,مصنع الحربيه المصانع الحربيه,المصانع الحربية المصانع الحربية,0.7500,3,0,0,4,success,
RB_0367,general_utterance,المجاميع | الحمدانية | الحمدانية | الحمدانية,الحمدانية، الحمدانية، الحمدانية، الحمدانية.,المجاميع الحمدانيه الحمدانيه الحمدانيه,الحمدانية، الحمدانية، الحمدانية، الحمدانية,1.0000,4,0,0,4,success,
RB_0176,branch_code,واحد. صفر. أربعة,104.,104,104,0.0000,0,0,0,1,success,
RB_0240,general_utterance,خمسين | ثلاثمائة | وثلاثة | ثلاثمائة وأربعة وخمسين,50. 303. 354.,707,50 303 354,3.0000,1,0,2,1,success,
RB_0017,branch_name,يه صحيح صحيح,إيه، صحيح، صحيح.,يه صحيح صحيح,ايه، صحيح، صحيح,0.6667,2,0,0,3,success,
RB_0368,general_utterance,ينبع | ينبع | ينبع,ينبع. ينبع. ينبع.,ينبع ينبع ينبع,ينبع ينبع ينبع,0.0000,0,0,0,3,success,
RB_0304,general_utterance,الماس | 23 | أنماط | 523. أنماط,20 نماص. 523 أنماص. 523 أنماص.,الماس 23 انماط 523 انماط,20 نماص 523 انماص 523 انماص,1.0000,4,0,1,5,success,
RB_0432,general_utterance,متخصصين | التخصصي | التخصصي | التخصصي,التخصصي. التخصصي. التخصصي. التخصصي.,متخصصين التخصصي التخصصي التخصصي,التخصصي التخصصي التخصصي التخصصي,0.2500,1,0,0,4,success,
RB_0495,general_utterance,الأرض | خاوية | الرأس | سبت | العليا | مكة | الرئيسي | طرحة | القزاز | أحد | المعابد | المعابد | العتيبة | العريقة | الجبيل | الكلوية | المركبات | المزروعة | المنازل العليا,آه، الأرطاوية، الرس، سبت العلايا، مكة الرئيسي، برحة القزاز، أحد، المعابدة، العتيبيه، ظرمه، العريجه، الجبيل، الجلويه، المريكبات، المزروعيه، المنيزله، العليه.,الارض خاويه الراس سبت العليا مكه الرئيسي طرحه القزاز 1 المعابد المعابد العتيبه العريقه الجبيل الكلويه المركبات المزروعه المنازل العليا,اه، الارطاوية، الرس، سبت العلايا، مكه الرئيسي، برحه القزاز، احد، المعابدة، العتيبيه، ظرمه، العريجه، الجبيل، الجلويه، المريكبات، المزروعيه، المنيزله، العليه,0.9000,18,0,0,20,success,
RB_0049,general_utterance,فرع ايش,فرع الإيش؟,فرع ايش,فرع الايش؟,0.5000,1,0,0,2,success,
RB_0113,branch_name,فرع الرصيفة,فرع الرصيفة.,فرع الرصيفه,فرع الرصيفة,0.5000,1,0,0,2,success,
RB_0496,general_utterance,الأب | طاوي | الرس | سبت | مكة | الرئيسي | طرحة | القزاز | أحد | المعابد | العتيبي | أضرم | العريجاء | . الجبيل | الكلوية | المريكبات | المزروعية | النازلة | الفناتير العليا,الأرطاوية، الرس، سبت العلايا، مكة الرئيسي، برحة القزاز، أحد، المعابدة، العتيبيّة، الظرمى، العريجة، الجبيل، الجلوية، المريكبات، المزروعية، المنيزلة، الفناتير، العلية.,الاب طاوي الرس سبت مكه الرئيسي طرحه القزاز 1 المعابد العتيبي اضرم العريجاء الجبيل الكلويه المريكبات المزروعيه النازله الفناتير العليا,الارطاوية، الرس، سبت العلايا، مكه الرئيسي، برحه القزاز، احد، المعابدة، العتيبية، الظرمى، العريجة، الجبيل، الجلوية، المريكبات، المزروعية، المنيزلة، الفناتير، العلية,0.9500,19,0,0,20,success,
RB_0177,unclear,28 | قرية | العليا,28، قرية العليا.,28 قريه العليا,28، قريه العليا,0.3333,1,0,0,3,success,
RB_0369,general_utterance,العوالي | المدينة | المنورة | العوالي | المدينة | المنورة | العوالي,العوادي، المدينة المنورة. العوادي، المدينة المنورة. العوادي.,العوالي المدينه المنوره العوالي المدينه المنوره العوالي,العوادي، المدينه المنورة العوادي، المدينه المنورة العوادي,0.7143,5,0,0,7,success,
RB_0241,branch_code,ثلاثمائة | وخمسين. النعيرية,357، العيرية.,350 النعيريه,357، العيرية,1.0000,2,0,0,2,success,
RB_0433,branch_code,واحد. اثنين | . ثلاثة. ثلاثة. أربعة. خمسة,1، 2، 3، 3، 4، 5.,12 ثلاثة ثلاثة اربعة 5,1، 2، 3، 3، 4، 5,1.0000,4,0,1,5,success,
RB_0497,general_utterance,الأرض | الارطاوية | الأرض | زاوية,الأرطاوية. الأرطاوية.,الارض الارطاويه الارض زاويه,الارطاوية الارطاوية,1.0000,2,2,0,4,success,
RB_0050,general_utterance,ما اعرف,رقم واحد.,ما اعرف,رقم 1,1.0000,2,0,0,2,success,
RB_0305,unclear,23 | النماص | 523 النماص,23، النماص. 523، النماص.,23 النماص 523 النماص,23، النماص 523، النماص,0.5000,2,0,0,4,success,
RB_0018,branch_name,اي قلت لك صحيح,أي كليكات؟,اي قلت لك صحيح,اي كليكات؟,0.7500,1,2,0,4,success,
RB_0114,branch_name,الرصيفة,رصيفه.,الرصيفه,رصيفه,1.0000,1,0,0,1,success,
RB_0178,general_utterance,سأسميه | قرية | العلي,328، قرية العليا.,ساسميه قريه العلي,328، قريه العليا,0.6667,2,0,0,3,success,
RB_0242,branch_name,ارتفع | حسين العلي,950، العليا.,ارتفع حسين العلي,950، العليا,1.0000,2,1,0,3,success,
RB_0306,general_utterance,مئة | وخمسة | وعشرين | محايل | 325,125 محايل. 525.,125 محايل 325,125 محايل 525,0.3333,1,0,0,3,success,
RB_0434,general_utterance,سعادة | سعادة | السعادة,السعادة. السعادة. السعادة.,سعاده سعاده السعاده,السعادة السعادة السعادة,1.0000,3,0,0,3,success,
RB_0019,branch_name,أعرب,العربي.,اعرب,العربي,1.0000,1,0,0,1,success,
RB_0051,general_utterance,ما احتاج اروح أنا كلمتك عشان ما أبغى أروح الفرع ف ليش يهمك اسم الفرع وش بيفرق,المفصل يروح، أنا كلمتك ومو أبغى أروح الفرع. طيب إيش يهمك اسم الفرع، وش بيفرق؟,ما احتاج اروح انا كلمتك عشان ما ابغي اروح الفرع ف ليش يهمك اسم الفرع وش بيفرق,المفصل يروح، انا كلمتك ومو ابغي اروح الفرع طيب ايش يهمك اسم الفرع، وش بيفرق؟,0.5294,7,2,0,17,success,
RB_0498,general_utterance,الأمطار | قوية | الرس | سبت | العليا | الارطاوية | الارطاوية,الأرطاوية، الرس، سبت العلايا. الأرطاوية. الأرطاوية.,الامطار قويه الرس سبت العليا الارطاويه الارطاويه,الارطاوية، الرس، سبت العلايا الارطاوية الارطاوية,0.8571,5,1,0,7,success,
RB_0370,branch_name,هذا,أيوه. أيوه. أيوه. أيوه. فرع قبا. أيوه. قبا. قبا.,هذا,ايوه ايوه ايوه ايوه فرع قبا ايوه قبا قبا,9.0000,1,0,8,1,success,
RB_0115,branch_code,ميتين و واحد,2001.,200 و 1,2001,1.0000,1,2,0,3,success,
RB_0179,general_utterance,فلسطينيو | 48 | قرية | العلي,328، قرية العليا.,فلسطينيو 48 قريه العلي,328، قريه العليا,0.7500,2,1,0,4,success,
RB_0307,general_utterance,خمس مائة | وخمسة | وعشرين محايل,525 محاير.,130 محايل,525 محاير,1.0000,2,0,0,2,success,
RB_0243,unclear,339 | العلي | العلي,359 العليا. العليا.,339 العلي العلي,359 العليا العليا,1.0000,3,0,0,3,success,
RB_0499,unclear,,,,,0.0000,0,0,0,0,success,
RB_0371,unclear,,صرافة قِباء. قِباء. قِباء. قِباء. قِباء. قِباء.,,صرافه قباء قباء قباء قباء قباء قباء,1.0000,0,0,7,0,success,
RB_0435,general_utterance,الحمرا | الحمرا | الحمرا. الحمرا,الحمراء. الحمراء. الحمراء. الحمراء.,الحمرا الحمرا الحمرا الحمرا,الحمراء الحمراء الحمراء الحمراء,1.0000,4,0,0,4,success,
RB_0020,general_utterance,ما أعرف الفرع بس فرع الدمام,ما أعرف الفرع، بس فرع الدمام.,ما اعرف الفرع بس فرع الدمام,ما اعرف الفرع، بس فرع الدمام,0.1667,1,0,0,6,success,
RB_0052,general_utterance,ممكن تحوليني على خدمة العملاء,ممكن تهويني على خدمة العملاء؟,ممكن تحوليني علي خدمه العملاء,ممكن تهويني علي خدمه العملاء؟,0.4000,2,0,0,5,success,
RB_0116,branch_code,307. راس تنورة,307، راس النورة.,307 راس تنوره,307، راس النورة,0.6667,2,0,0,3,success,
RB_0244,unclear,لكن | 309 | العلي,359 العليا.,لكن 309 العلي,359 العليا,1.0000,2,1,0,3,success,
RB_0308,general_utterance,ستة | وعشرين | العريشة | 526,26، العريشة. 526.,26 العريشه 526,26، العريشة 526,0.6667,2,0,0,3,success,
RB_0180,branch_code,328 قرية العليا,328، قرية العليا.,328 قريه العليا,328، قريه العليا,0.3333,1,0,0,3,success,
RB_0021,general_utterance,طيب انتو كم فرع عندكم في الدمام,طيب، أنت كم فتره عندكم في الدمام؟,طيب انتو كم فرع عندكم في الدمام,طيب، انت كم فتره عندكم في الدمام؟,0.5714,4,0,0,7,success,
RB_0372,general_utterance,إذا | قضاء | إذا | . إذا | فرع | قبض | قضاء,إذا. إذا. إذا. إذا. إذا. فرع قبا. قبا. قبا. قبا.,اذا قضاء اذا اذا فرع قبض قضاء,اذا اذا اذا اذا اذا فرع قبا قبا قبا قبا,0.8571,3,0,3,7,success,
RB_0500,general_utterance,الأرض | زاوية | الرس | سبت | . مكة | الرئيسي | فرحة | القزاز | أحد | المعابد | العتيبي | رمى | العريقة | الجبيل | الجوية | المركبات | المزروعة | النازلة العليا,الأرطاوية، الرس، سبت العلايا، مكة الرئيسي، برحة القزاز، أحد، المعابدة، العتيبيّة، ظرمة، العريجة، الجبيل، الجلوية، المريكبات، المزروعية، المنيزلة، العلية.,الارض زاويه الرس سبت مكه الرئيسي فرحه القزاز 1 المعابد العتيبي رمي العريقه الجبيل الجويه المركبات المزروعه النازله العليا,الارطاوية، الرس، سبت العلايا، مكه الرئيسي، برحه القزاز، احد، المعابدة، العتيبية، ظرمة، العريجة، الجبيل، الجلوية، المريكبات، المزروعية، المنيزلة، العلية,0.9474,18,0,0,19,success,
RB_0053,branch_name,أنا عميل ماسي,أنا عميل، ما في—,انا عميل ماسي,انا عميل، ما في,1.0000,2,0,1,3,success,
RB_0436,general_utterance,الأفلاج | الأفلاج | الأفلاج | الأفلاج,الأفلاج، الأفلاج، الأفلاج، الأفلاج.,الافلاج الافلاج الافلاج الافلاج,الافلاج، الافلاج، الافلاج، الافلاج,0.7500,3,0,0,4,success,
RB_0181,unclear,20 | الهفوف | الصناعية,20، الهفوف الصناعية. 329.,20 الهفوف الصناعيه,20، الهفوف الصناعية 329,1.0000,2,0,1,3,success,
RB_0245,general_utterance,اضغط | ثلاثمائة وتسعة وخمسين لعلي,359، العليا. 我昨晚给的提示没事。,اضغط 359 لعلي,359، العليا 我昨晚给的提示没事,1.0000,3,0,0,3,success,
RB_0117,branch_name,الجبال,يا. الجبال.,الجبال,يا الجبال,1.0000,0,0,1,1,success,
RB_0022,general_utterance,ابي فروع الدمام,أبي، سوري، الدمام.,ابي فروع الدمام,ابي، سوري، الدمام,0.6667,2,0,0,3,success,
RB_0373,branch_name,الفيحاء. الفيحاء,الفيحاء. الفيحاء.,الفيحاء الفيحاء,الفيحاء الفيحاء,0.0000,0,0,0,2,success,
RB_0309,unclear,ستمية | واحد | 601,غاب. 601 الغاب. 601 الغاب. الغاب.,601 601,غاب 601 الغاب 601 الغاب الغاب,2.0000,0,0,4,2,success,
RB_0437,branch_code,20,سويدي. سويدي. سويدي. سويدي. سويدي.,20,سويدي سويدي سويدي سويدي سويدي,5.0000,1,0,4,1,success,
RB_0118,branch_name,الجبال,ثانية، الجبال—,الجبال,ثانية، الجبال,1.0000,0,0,1,1,success,
RB_0246,branch_code,ثلاثمائة وخمسين لعلي,359، العليا.,350 لعلي,359، العليا,1.0000,2,0,0,2,success,
RB_0054,general_utterance,كم فرع اسمه فرع العزيزية,كم فرع اسمه فرع العزيزي؟,كم فرع اسمه فرع العزيزيه,كم فرع اسمه فرع العزيزي؟,0.2000,1,0,0,5,success,
RB_0501,general_utterance,الطاوية | طرحت | الكزاز | المعابد | المعابد | الاعتيادية | رمى | العريقة | الجبال | الكلوية | المركبات | المزروعة. النازلة,الأرطاوية، فرحة القزاز، المعابدة، العتيبيه، ظرمه، العريجه، الجبيل، الجلويه، المركبات، المزروعيه، المنازله.,الطاويه طرحت الكزاز المعابد المعابد الاعتياديه رمي العريقه الجبال الكلويه المركبات المزروعة النازله,الارطاوية، فرحه القزاز، المعابدة، العتيبيه، ظرمه، العريجه، الجبيل، الجلويه، المركبات، المزروعيه، المنازله,1.0000,12,1,0,13,success,
RB_0182,general_utterance,ثلاثمائة | وتسعة | وعشرين | الهفوف الصناعية,329، الهفوف الصناعية.,329 الهفوف الصناعيه,329، الهفوف الصناعية,0.6667,2,0,0,3,success,
RB_0374,general_utterance,The | team | شارع | الستين | جدة | شارع | الستين | شارع الستين,60. شارع الستين، جدة. شارع الستين. شارع الستين.,The team شارع الستين جده شارع الستين شارع الستين,60 شارع الستين، جدة شارع الستين شارع الستين,0.4444,3,1,0,9,success,
RB_0310,unclear,من | الجردة | 602,الجردة. 602.,من الجرده 602,الجردة 602,0.6667,1,1,0,3,success,
RB_0502,unclear,,أهلًا.,,اهلا,1.0000,0,0,1,0,success,
RB_0438,general_utterance,It's | A | sweaty | sweaty | sweaty | Sweaty | Sweaty | Sweaty | Sweaty,السويدي. سويدي. سويدي. سويدي. سويدي. حقي السويدي. سويدي.,Its A sweaty sweaty sweaty Sweaty Sweaty Sweaty Sweaty,السويدي سويدي سويدي سويدي سويدي حقي السويدي سويدي,1.0000,8,1,0,9,success,
RB_0055,general_utterance,ايه حوليني,الحليب.,ايه حوليني,الحليب,1.0000,1,1,0,2,success,
RB_0023,branch_code,قلت لك ثلاثة أربعة أربعة ثلاثمائة وأربعة وأربعين,قلت لك 344، 344!,قلت لك 355,قلت لك 344، 344,0.6667,1,0,1,3,success,
RB_0183,branch_name,من | أم الحمام,أمل حنان.,من ام الحمام,امل حنان,1.0000,2,1,0,3,success,
RB_0247,general_utterance,ثلاثمائة | وخمسة | وستين. الجسر,365، الجسر. تمام.,365 الجسر,365، الجسر تمام,1.0000,1,0,1,2,success,
RB_0119,general_utterance,مائة | وثمانية | الجبال,108، الكبيل.,108 الجبال,108، الكبيل,1.0000,2,0,0,2,success,
RB_0375,branch_name,حي المحجر,حي المحجر.,حي المحجر,حي المحجر,0.0000,0,0,0,2,success,
RB_0311,general_utterance,ستمئة | وثلاثة | المذنب,603، المذنب.,603 المذنب,603، المذنب,0.5000,1,0,0,2,success,
RB_0439,general_utterance,الواعية | . الواعية | واعية | الواعية | الواعية,القواعد.,الواعيه الواعيه واعيه الواعيه الواعيه,القواعد,1.0000,1,4,0,5,success,
RB_0024,general_utterance,فرع الريان في الرياض,فرع الرياض، الرياض.,فرع الريان في الرياض,فرع الرياض، الرياض,0.5000,1,1,0,4,success,
RB_0503,general_utterance,المنازلة | المشروعية | المركبات | الجوية | الجبال | العريضة | برما | الاعتيادية | المعبدة | طرحة القزاز. الطاوية,المنازلة، المزروعية، المريكبات، الجلوية، الجبيل، العريجة، ظرمى، العتيبيّة، المعابدة، برحة القزاز، الأرطاوية.,المنازله المشروعيه المركبات الجويه الجبال العريضه برما الاعتياديه المعبده طرحه القزاز الطاويه,المنازلة، المزروعية، المريكبات، الجلوية، الجبيل، العريجة، ظرمى، العتيبية، المعابدة، برحه القزاز، الارطاوية,1.0000,12,0,0,12,success,
RB_0056,general_utterance,معليش ممكن تعيدينهم,ما عنديش من كم ساعة جاي هون.,معليش ممكن تعيدينهم,ما عنديش من كم ساعه جاي هون,2.3333,3,0,4,3,success,
RB_0184,branch_name,يا | أم الحمام,36، أم الحمام.,يا ام الحمام,36، ام الحمام,0.3333,1,0,0,3,success,
RB_0120,branch_code,تسعة,9 دقائق.,9,9 دقائق,1.0000,0,0,1,1,success,
RB_0248,branch_code,365. الجسر,365، الجسر.,365 الجسر,365، الجسر,0.5000,1,0,0,2,success,
RB_0440,unclear,,أهلًا.,,اهلا,1.0000,0,0,1,0,success,
RB_0376,general_utterance,أي | المحجة | هي | المحجر | حي | المحجر | هي المحجر,حي المحجب. حي المحجب. حي المحجب. حي المحجب.,اي المحجه هي المحجر حي المحجر هي المحجر,حي المحجب حي المحجب حي المحجب حي المحجب,0.8750,7,0,0,8,success,
RB_0504,general_utterance,الأرض | خاوية | الطاوية,الأرطاوية. الأرطاوية. نعم، بريد.,الارض خاويه الطاويه,الارطاوية الارطاوية نعم، بريد,1.3333,3,0,1,3,success,
RB_0312,general_utterance,الرد | ستمئة | وأربعة,7، الرقي. 604، الرقي. الرقي.,الرد 604,7، الرقي 604، الرقي الرقي,2.5000,2,0,3,2,success,
RB_0025,general_utterance,ممكن تحوليني على مدير الفرع,ممكن تحوليني على مدير الفرع؟,ممكن تحوليني علي مدير الفرع,ممكن تحوليني علي مدير الفرع؟,0.2000,1,0,0,5,success,
RB_0057,general_utterance,ودي أقدم بلاغ بصراحة الخدمة كانت سيئة,آه، ودي أقدم بلاغ، بصراحة، الخدمة كانت مرة سيئة.,ودي اقدم بلاغ بصراحه الخدمه كانت سيئه,اه، ودي اقدم بلاغ، بصراحة، الخدمه كانت مره سيئة,0.7143,3,0,2,7,success,
RB_0185,general_utterance,رسمية | أم | الحمام,330، أم الحمام.,رسميه ام الحمام,330، ام الحمام,0.3333,1,0,0,3,success,
RB_0121,branch_code,تسعة,9 دقيق.,9,9 دقيق,1.0000,0,0,1,1,success,
RB_0249,unclear,,أهلًا.,,اهلا,1.0000,0,0,1,0,success,
RB_0313,branch_code,خمسة أدوات me,5، الدوادمي.,5 ادوات me,5، الدوادمي,1.0000,2,1,0,3,success,
RB_0441,branch_name,المربع | المربع,المربع. المربع.,المربع المربع,المربع المربع,0.0000,0,0,0,2,success,
RB_0026,branch_name,أخوي ولا اختي,أخوي ولا أختي؟,اخوي ولا اختي,اخوي ولا اختي؟,0.3333,1,0,0,3,success,
RB_0377,general_utterance,أبدا | إن | عابدة | المعابر,العابدة. المعابدة.,ابدا ان عابده المعابر,العابدة المعابدة,1.0000,2,2,0,4,success,
RB_0505,general_utterance,ألا | الطاوية | الطاوية | نوم,الأرطاوية، الأرطاوية. نعم؟,الا الطاويه الطاويه نوم,الارطاوية، الارطاوية نعم؟,1.0000,3,1,0,4,success,
RB_0186,branch_code,130. أم الحمام,330 أم الحمام.,130 ام الحمام,330 ام الحمام,0.3333,1,0,0,3,success,
RB_0122,branch_name,جاك,لا.,جاك,لا,1.0000,1,0,0,1,success,
RB_0058,general_utterance,طيب عندكم فرع بالنخيل يعني,طيب، عندكم فرع في النخيل يعني؟,طيب عندكم فرع بالنخيل يعني,طيب، عندكم فرع في النخيل يعني؟,0.8000,3,0,1,5,success,
RB_0314,unclear,105 | أدوات | me,605، الدوادمي.,105 ادوات me,605، الدوادمي,1.0000,2,1,0,3,success,
RB_0250,general_utterance,سبعة | وتسعين | مركز | مبيعات | الندى,97، مركز مبيعات النجاة.,97 مركز مبيعات الندي,97، مركز مبيعات النجاة,0.5000,2,0,0,4,success,
RB_0506,branch_name,الارطاوية. Nice,الأرطاوية. ناقص.,الارطاوية Nice,الارطاوية ناقص,0.5000,1,0,0,2,success,
RB_0027,general_utterance,أنا حاليا في شرق الرياض ممكن تعلميني اقرب فرع لي,أنا حالياً في شارع الرياض، ممكن تسأل مني أقرب صراف آلي؟,انا حاليا في شرق الرياض ممكن تعلميني اقرب فرع لي,انا حاليا في شارع الرياض، ممكن تسال مني اقرب صراف الي؟,0.6000,5,0,1,10,success,
RB_0059,general_utterance,لا معليش جدة,جامعة الجدة.,لا معليش جده,جامعه الجدة,1.0000,2,1,0,3,success,
RB_0378,general_utterance,أم | عابدة | العابدة | العابدة | العابدة,المعابده، المعابده، المعابده، المعابده.,ام عابده العابده العابده العابده,المعابده، المعابده، المعابده، المعابده,1.0000,4,1,0,5,success,
RB_0251,unclear,397 | مركز مبيعات النجم,397، مركز مبيعات الندى.,397 مركز مبيعات النجم,397، مركز مبيعات الندى,0.5000,2,0,0,4,success,
RB_0123,unclear,,نعم، أكيد.,,نعم، اكيد,1.0000,0,0,2,0,success,
RB_0187,general_utterance,الرسمية | حي | البستان,الرسمية 32، حي البستان.,الرسميه حي البستان,الرسميه 32، حي البستان,0.3333,0,0,1,3,success,
RB_0379,general_utterance,ينبع | الصناعية | ينبع الصناعية. ينبع الصناعية,ينبع الصناعية، ينبع الصناعية، ينبع الصناعية.,ينبع الصناعيه ينبع الصناعية ينبع الصناعيه,ينبع الصناعية، ينبع الصناعية، ينبع الصناعية,0.5000,3,0,0,6,success,
RB_0442,branch_name,دراما | دراما,ضرمة. ضرمة. ضرمة. ضرمة. ضرمة. ضرمة. ضرمة.,دراما دراما,ضرمة ضرمة ضرمة ضرمة ضرمة ضرمة ضرمة,3.5000,2,0,5,2,success,
RB_0443,general_utterance,المزاحمية | المزاحمية | المزاحمية. المزاحمية,المزاحمية. المزاحمية. المزاحمية. المزاحمية.,المزاحميه المزاحميه المزاحمية المزاحميه,المزاحمية المزاحمية المزاحمية المزاحمية,0.7500,3,0,0,4,success,
RB_0315,unclear,605 | أدوات | الدوادمي,605، الدوادمي. الدوادمي.,605 ادوات الدوادمي,605، الدوادمي الدوادمي,0.6667,2,0,0,3,success,
RB_0507,general_utterance,برحة القزاز | . المعابد | العتيبية | برما | العريجاء | الكلوية | المريكبات. المزروعية. المنيزلة,برحة القزاز، المعابدة، العتيبيه، برما، العريجه، الجلويه، المريكبات، المزروعيه، المنيزله.,برحه القزاز المعابد العتيبيه برما العريجاء الكلويه المريكبات المزروعية المنيزله,برحه القزاز، المعابدة، العتيبيه، برما، العريجه، الجلويه، المريكبات، المزروعيه، المنيزله,0.8000,8,0,0,10,success,
RB_0028,general_utterance,فرع الرياض الرئيسي وين مكانه بالضبط,مرحبًا يا أستاذ رائد، شو يعني مكانك بالضبط؟,فرع الرياض الرئيسي وين مكانه بالضبط,مرحبا يا استاذ رائد، شو يعني مكانك بالضبط؟,1.3333,6,0,2,6,success,
RB_0060,general_utterance,ما ادري كيف ممكن تخدميني,ما أدري كيف ممكن تقلبيني.,ما ادري كيف ممكن تخدميني,ما ادري كيف ممكن تقلبيني,0.2000,1,0,0,5,success,
RB_0380,branch_name,شبرا | شبرا. شبرا,شبرا.,شبرا شبرا شبرا,شبرا,0.6667,0,2,0,3,success,
RB_0124,branch_code,ثلاثمئة | وتسعة,309 دقيق. دقيق.,309,309 دقيق دقيق,2.0000,0,0,2,1,success,
RB_0316,general_utterance,ستمئة | وستة | المجموعة | المجمعة,606، المجمعة. المجمعة.,606 المجموعه المجمعه,606، المجمعة المجمعة,1.0000,3,0,0,3,success,
RB_0252,branch_name,فواحد الحديثة,والله فدرة حديثة.,فواحد الحديثه,والله فدره حديثة,1.5000,2,0,1,2,success,
RB_0188,general_utterance,تراكمية | واثنان | وثلاثون. حي البستان,332، حي البستان.,تراكميه 32 حي البستان,332، حي البستان,0.5000,1,1,0,4,success,
RB_0444,branch_name,الروضة | الروضة,الروضة. الروضة. الروضة.,الروضه الروضه,الروضة الروضة الروضة,1.5000,2,0,1,2,success,
RB_0029,general_utterance,وش الفرع القريب مني,وش الفرع القريب منه؟,وش الفرع القريب مني,وش الفرع القريب منه؟,0.2500,1,0,0,4,success,
RB_0508,general_utterance,برحة القزاز | المعابدة | العتيبية | . ضرما الجلوية,فرحة القزاز، المعابدة، العتيبية، ضرمى، الجلوية.,برحه القزاز المعابده العتيبيه ضرما الجلويه,فرحه القزاز، المعابدة، العتيبية، ضرمى، الجلوية,1.0000,6,0,0,6,success,
RB_0061,branch_name,ايه صحيح,إيه، صحيح.,ايه صحيح,ايه، صحيح,0.5000,1,0,0,2,success,
RB_0189,branch_code,333 | الشهابية,333، أشهابية.,333 الشهابيه,333، اشهابية,1.0000,2,0,0,2,success,
RB_0253,branch_code,401 | الحديث,401 الحديثة.,401 الحديث,401 الحديثة,0.5000,1,0,0,2,success,
RB_0381,general_utterance,الفهد | مدائن | الفهد. مدائن الفهد,أنا الفهد. مدى أن الفهد، مدى أن الفهد.,الفهد مدائن الفهد مدائن الفهد,انا الفهد مدي ان الفهد، مدي ان الفهد,1.2000,3,0,3,5,success,
RB_0125,branch_name,وتسعى,و9.,وتسعي,و9,1.0000,1,0,0,1,success,
RB_0445,general_utterance,Yeah | ظهرة | البديعة | ظهرة | البديعة | ظهرة البديعة,يا رب، ظهرت البديعه، ظهرت البديعه، ظهرت البديعه.,Yeah ظهره البديعه ظهره البديعه ظهره البديعه,يا رب، ظهرت البديعه، ظهرت البديعه، ظهرت البديعه,1.0000,6,0,1,7,success,
RB_0062,branch_name,عربي,عربي.,عربي,عربي,0.0000,0,0,0,1,success,
RB_0317,branch_code,ستمئة | وسبعة,307، الرس. الرس. الرس. الرس.,607,307، الرس الرس الرس الرس,5.0000,1,0,4,1,success,
RB_0509,general_utterance,"Hello | Hello, can you | hear | me | Uh | I | want | a | uh. I | want to go | to | the | bank | Yeah. The | bank","Hello, hello—can you hear me? Uh, I want to— I want to go to Riyadha Bank. Riyadha Bank. Riyadha. رياد، شنو شغل؟ Riyadh Bank. Riyadh. 你连的是哪只的网？ 这个我就是加。",Hello Hello can you hear me Uh I want a uh I want to go to the bank Yeah The bank,Hello hellocan you hear me Uh I want to I want to go to Riyadha Bank Riyadha Bank Riyadha رياد، شنو شغل؟ Riyadh Bank Riyadh 你连的是哪只的网 这个我就是加,0.8095,7,2,8,21,success,
RB_0190,branch_code,344 شارع الماجد,334 شارع الماجد—,344 شارع الماجد,334 شارع الماجد,0.3333,1,0,0,3,success,
RB_0126,branch_name,جاك,بجيت.,جاك,بجيت,1.0000,1,0,0,1,success,
RB_0254,unclear,,أهلًا.,,اهلا,1.0000,0,0,1,0,success,
RB_0318,general_utterance,لا | أعرف | ستمئة | وسبعة | أحرف | أطراف,لا، الرس. 607، الرس. الرس. الرس.,لا اعرف 607 احرف اطراف,لا، الرس 607، الرس الرس الرس,1.2000,5,0,1,5,success,
RB_0446,general_utterance,شفا | . الشفا | الشفا. الشفا,شفاء. الشفاء. الشفاء. الشفاء. الشفاء.,شفا الشفا الشفا الشفا,شفاء الشفاء الشفاء الشفاء الشفاء,1.2500,4,0,1,4,success,
RB_0319,general_utterance,It | was | الصفرة | 608,108، الصفراء. 608.,It was الصفره 608,108، الصفراء 608,0.7500,2,1,0,4,success,
RB_0382,general_utterance,Bravo | بابا | رابط | طابق,,Bravo بابا رابط طابق,,1.0000,0,4,0,4,success,
RB_0383,general_utterance,العشبية | . العشبية | العتيبي | العشبية | العشبية | الحسابية | العشبية,العتيبيه، العتيبيه، العتيبيه، العتيبيه، العتيبيه، العتيبيه، المكتبة، العتيبيه.,العشبيه العشبيه العتيبي العشبيه العشبيه الحسابيه العشبيه,العتيبيه، العتيبيه، العتيبيه، العتيبيه، العتيبيه، العتيبيه، المكتبة، العتيبيه,1.1429,7,0,1,7,success,
RB_0447,general_utterance,الخزان | خزان | الخزان | الخزان | الخزان,الخزان. الخزان. الخزان. الخزان. الخزان.,الخزان خزان الخزان الخزان الخزان,الخزان الخزان الخزان الخزان الخزان,0.2000,1,0,0,5,success,
RB_0127,branch_name,جاك,,جاك,,,0,0,0,0,failed,"HTTPSConnectionPool(host='api.soniox.com', port=443): Max retries exceeded with url: /v1/files (Caused by ProxyError('Unable to connect to proxy', RemoteDisconnected('Remote end closed connection without response')))"
RB_0191,general_utterance,يوم | خمس | وثلاثين | الربوة | الظهران | ثلاثمائة | وخمسة وثلاثين,,يوم 35 الربوه الظهران 335,,,0,0,0,0,failed,"HTTPSConnectionPool(host='api.soniox.com', port=443): Max retries exceeded with url: /v1/files (Caused by ProxyError('Unable to connect to proxy', RemoteDisconnected('Remote end closed connection without response')))"
RB_0510,general_utterance,Hello | Can you hear | me | Okay | I | want | to | transfer to | Royal | Bank | Okay | Thank | you | And what | about | Jada | man | Okay | Thank | you | And | what | about | Andaman,,Hello Can you hear me Okay I want to transfer to Royal Bank Okay Thank you And what about Jada man Okay Thank you And what about Andaman,,,0,0,0,0,failed,"HTTPSConnectionPool(host='api.soniox.com', port=443): Max retries exceeded with url: /v1/files (Caused by ProxyError('Unable to connect to proxy', RemoteDisconnected('Remote end closed connection without response')))"
RB_0255,unclear,401 | الحديثة | 400,,401 الحديثه 400,,,0,0,0,0,failed,"HTTPSConnectionPool(host='api.soniox.com', port=443): Max retries exceeded with url: /v1/files (Caused by ProxyError('Unable to connect to proxy', RemoteDisconnected('Remote end closed connection without response')))"
RB_0064,branch_code,لا 250,آه، لا، 250.,لا 250,اه، لا، 250,1.0000,1,0,1,2,success,
RB_0511,general_utterance,Hello | Hello | can you | hear | me | And | I | want to | transfer | to | Royal | Bank | Okay | What | about | Jeddah | And | what | about | the | Dammam | Right | What | about | real | man | Real | bank | Okay | Thank | you | Royal | bank,"Hello hello, can you hear me? I'm calling to transfer to Riyad Bank. Okay, what about جدا م- جدا مَن؟ And what about the دامان؟ Right, what about Riyadh man— Riyad Bank. Okay, thank you. Riyad Bank. 他为什么刚开始就—",Hello Hello can you hear me And I want to transfer to Royal Bank Okay What about Jeddah And what about the Dammam Right What about real man Real bank Okay Thank you Royal bank,Hello hello can you hear me Im calling to transfer to Riyad Bank Okay what about جدا م جدا من؟ And what about the دامان؟ Right what about Riyadh man Riyad Bank Okay thank you Riyad Bank 他为什么刚开始就,0.5429,14,1,4,35,success,
RB_0192,unclear,355 | الربوة، الظهران,,355 الربوة، الظهران,,,0,0,0,0,failed,"HTTPSConnectionPool(host='api.soniox.com', port=443): Max retries exceeded with url: /v1/files (Caused by SSLError(SSLEOFError(8, '[SSL: UNEXPECTED_EOF_WHILE_READING] EOF occurred in violation of protocol (_ssl.c:1006)')))"
RB_0320,general_utterance,تمنية | الصفراء | ستمئة وثمانية,,تمنيه الصفراء 608,,,0,0,0,0,failed,"HTTPSConnectionPool(host='api.soniox.com', port=443): Max retries exceeded with url: /v1/files (Caused by SSLError(SSLEOFError(8, '[SSL: UNEXPECTED_EOF_WHILE_READING] EOF occurred in violation of protocol (_ssl.c:1006)')))"
RB_0384,general_utterance,أربعة | شربة | تربة | ربع,,4 شربه تربه ربع,,,0,0,0,0,failed,"HTTPSConnectionPool(host='api.soniox.com', port=443): Max retries exceeded with url: /v1/files (Caused by SSLError(SSLEOFError(8, '[SSL: UNEXPECTED_EOF_WHILE_READING] EOF occurred in violation of protocol (_ssl.c:1006)')))"
RB_0128,branch_code,110. الخفجي,110، الخفجي.,110 الخفجي,110، الخفجي,0.5000,1,0,0,2,success,
RB_0063,branch_code,فرع الندى 250,,فرع الندي 250,,,0,0,0,0,failed,"HTTPSConnectionPool(host='api.soniox.com', port=443): Max retries exceeded with url: /v1/transcriptions/b199bdbb-9ad6-44d5-80cd-e47ad670e5a9 (Caused by ProxyError('Unable to connect to proxy', RemoteDisconnected('Remote end closed connection without response')))"
RB_0448,general_utterance,الروابي | الروابي | الروابي,الروابي. الروابي. نعم، الروابي. اسمع.,الروابي الروابي الروابي,الروابي الروابي نعم، الروابي اسمع,0.6667,0,0,2,3,success,
RB_0065,branch_code,لا اثنين خمسة صفر,لا، 250.,لا 250,لا، 250,0.5000,1,0,0,2,success,
RB_0256,unclear,401 | الحديثة | 402 عرعر,401 الحديثة. 402 عرعر.,401 الحديثه 402 عرعر,401 الحديثة 402 عرعر,0.2500,1,0,0,4,success,
RB_0129,branch_code,911. الثقبة,111، الثقبة.,911 الثقبه,111، الثقبة,1.0000,2,0,0,2,success,
RB_0321,general_utterance,ستمئة | وتسعة | الأرض | خاوية | الطاوية,609، الأرطاوية. الأرطاوية.,609 الارض خاويه الطاويه,609، الارطاوية الارطاوية,1.0000,3,1,0,4,success,
RB_0193,branch_name,تركيا. أنا جاد ستريت,36، أنا جت- ستريت.,تركيا انا جاد ستريت,36، انا جت ستريت,0.5000,2,0,0,4,success,
RB_0257,branch_code,403. دومة الجندل,403، دومة الجندل.,403 دومه الجندل,403، دومه الجندل,0.3333,1,0,0,3,success,
RB_0449,unclear,,عرقه.,,عرقه,1.0000,0,0,1,0,success,
RB_0385,general_utterance,تربح | إربا | إربا | إربا | تربح | شربة,شربة. شربة. شربة. شربة. شربة. شربة. شربة. شربة. تربة. تربة.,تربح اربا اربا اربا تربح شربه,شربة شربة شربة شربة شربة شربة شربة شربة تربة تربة,1.6667,6,0,4,6,success,
RB_0066,branch_name,ايه صحيح,إيه صحيح.,ايه صحيح,ايه صحيح,0.0000,0,0,0,2,success,
RB_0322,unclear,سوق | برزان | 610,لا، سوق برزان. 610.,سوق برزان 610,لا، سوق برزان 610,0.3333,0,0,1,3,success,
RB_0258,general_utterance,أربعمئة | وأربعة | ضباط,ضباب. 404، ضباب.,404 ضباط,ضباب 404، ضباب,1.5000,2,0,1,2,success,
RB_0194,general_utterance,الرسمي | طريق | النجاة | 336,336، طريق النجاة. 336.,الرسمي طريق النجاه 336,336، طريق النجاة 336,0.5000,2,0,0,4,success,
RB_0386,general_utterance,البغدادية | البغدادية | البغدادية,البغداديه. البغداديه. البغداديه.,البغداديه البغداديه البغداديه,البغداديه البغداديه البغداديه,0.0000,0,0,0,3,success,
RB_0131,branch_code,321,وش؟ 311.,321,وش؟ 311,2.0000,1,0,1,1,success,
RB_0067,branch_name,أنا عميلة ماسية,آه، أنا عميلة ناصية.,انا عميله ماسيه,اه، انا عميله ناصية,0.6667,1,0,1,3,success,
RB_0130,general_utterance,الثقبة | ثلاثمئة | وأحد | عشر | ثلاثمئة | وعشرة | أبي | فرحة | مئة | وعشرة | الثقبة,كاش. الصفوة. 311. 310. أبي فرع 310، الثقبة.,الثقبه 621 ابي فرحه 110 الثقبه,كاش الصفوة 311 310 ابي فرع 310، الثقبة,1.1667,5,0,2,6,success,
RB_0450,general_utterance,أرجع | عركة | عرقة | حي | عرقة | عرقة,ارجع. ارجع. ارجع. ارجع. ارجع. هي ارجع. ارجع.,ارجع عركه عرقه حي عرقه عرقه,ارجع ارجع ارجع ارجع ارجع هي ارجع ارجع,1.1667,5,0,2,6,success,
RB_0323,general_utterance,البريد | الرئيسي | 611 | رئيسي | طريقة,11، بريده الرئيسي. 611، بريده الرئيسي. بريده.,البريد الرئيسي 611 رئيسي طريقه,11، بريده الرئيسي 611، بريده الرئيسي بريده,1.2000,4,0,2,5,success,
RB_0387,general_utterance,شارع | فلسطين | شارع فلسطين. فلسطين,شارع فلسطين، شارع فلسطين، فلسطين.,شارع فلسطين شارع فلسطين فلسطين,شارع فلسطين، شارع فلسطين، فلسطين,0.4000,2,0,0,5,success,
RB_0259,general_utterance,وأربعة | ضفاف | أربعمئة | وأربعة | ضباط,404. 404.,4 ضفاف 404 ضباط,404 404,0.7500,1,2,0,4,success,
RB_0068,branch_code,خمسمئة وخمسة خمسة صفر خمسة,5055.,515,5055,1.0000,1,0,0,1,success,
RB_0132,branch_name,ثلاثمائة وعشرة,310.,310,310,0.0000,0,0,0,1,success,
RB_0195,general_utterance,من | أربعمئة | وأربعة | حي | الريان | 366 | سبعمائة | وسبعة | خمسمائة | وخمسة | خمسة | خمسة | خمسة | عشرة | على | عشرة | خمسمية | وسبعة | أربعمائة | وأربعة | مئة | وستة | ثلاثمئة | وثمانية | ثلاثمئة | وستين,404. حي الريان 306. 707. 505. 555. 101010. 507. 404. 306. 308. 366.,من 404 حي الريان 366 1237 علي 10 خمسميه 1185,404 حي الريان 306 707 505 555 101010 507 404 306 308 366,1.1000,6,1,4,10,success,
RB_0451,general_utterance,جامعة | الأميرة | نورة | الورود | الورود | النزهة | النزهة | الرياض | الصالحية | النسيم | الشرقي | الصالحية | فرع | القدس | القدس | الأندلس. الأندلس,جامعة الأميرة نورة. الورود. الورود. النزهة. النزهة. الريان. الصالحية. النسيم الشرقي. الصالحية. فرع القدس. القدس. الأندلس. الأندلس.,جامعه الاميره نوره الورود الورود النزهه النزهه الرياض الصالحيه النسيم الشرقي الصالحيه فرع القدس القدس الاندلس الاندلس,جامعه الاميره نورة الورود الورود النزهة النزهة الريان الصالحية النسيم الشرقي الصالحية فرع القدس القدس الاندلس الاندلس,0.3529,6,0,0,17,success,
RB_0196,branch_name,طريق | النجاة,طريق النجاة 366، 366.,طريق النجاه,طريق النجاه 366، 366,1.0000,0,0,2,2,success,
RB_0260,unclear,405 | حالة عمار,عمار. 405، حالة عمار.,405 حاله عمار,عمار 405، حاله عمار,0.6667,1,0,1,3,success,
RB_0324,general_utterance,سكريات | 11 | وايد | الرئيسي | 611 | تبريد | الرئيسي,611، الراد الرئيسي. 611، الراد الرئيسي.,سكريات 11 وايد الرئيسي 611 تبريد الرئيسي,611، الراد الرئيسي 611، الراد الرئيسي,0.7143,4,1,0,7,success,
RB_0069,general_utterance,صحيح بس ايش اسم الفرع,آه، صحيح، بس قلت من الفرع.,صحيح بس ايش اسم الفرع,اه، صحيح، بس قلت من الفرع,0.8000,3,0,1,5,success,
RB_0452,general_utterance,الرائد | الرائد | في | المدينة | المحمدية | المحمدية | العريقة | العريقة | العريقة | العرجاء | العريقة,الرائد. الرائد. المحمدية. المحمدية. المحمدية. المحمدية. العريجة. العريجة. العريجة. العريجة. العريجة.,الرائد الرائد في المدينه المحمديه المحمديه العريقه العريقه العريقه العرجاء العريقه,الرائد الرائد المحمدية المحمدية المحمدية المحمدية العريجة العريجة العريجة العريجة العريجة,0.8182,9,0,0,11,success,
RB_0388,general_utterance,الهوية | الهوية | الهوية | الهوية | القوية. الهوية,الحوية. الحوية. الحوية. الحوية. الحوية. الحوية. الحوية.,الهويه الهويه الهويه الهويه القوية الهويه,الحوية الحوية الحوية الحوية الحوية الحوية الحوية,1.1667,6,0,1,6,success,
RB_0133,general_utterance,رسمية | وسبعة | رأس | تنورة | رسمية | وسبعة رأس تنورة,307، راست النورة. 307، راست النورة.,رسميه 7 راس تنوره رسميه 7 راس تنوره,307، راست النورة 307، راست النورة,1.0000,6,2,0,8,success,
RB_0261,branch_code,406 حجر,لا، 406 حقل.,406 حجر,لا، 406 حقل,1.0000,1,0,1,2,success,
RB_0197,general_utterance,16 | طريق | النجاة | تسمية,136 طريق النجاة. لا، 336. 336.,16 طريق النجاه تسميه,136 طريق النجاة لا، 336 336,1.2500,3,0,2,4,success,
RB_0134,general_utterance,مئة | وسبعة | وستين | دورة,107، وصفي النورة.,167 دوره,107، وصفي النورة,1.5000,2,0,1,2,success,
RB_0325,unclear,حفر | الباطن. 612,إيش حفر الباطن؟ 612.,حفر الباطن 612,ايش حفر الباطن؟ 612,0.6667,1,0,1,3,success,
RB_0389,general_utterance,شارع | المكرونة | شارع | المكرونة | مكرونة المكرونة,شارع المكرونة، شارع المكرونة، مكرونة، مكرونة.,شارع المكرونه شارع المكرونه مكرونه المكرونه,شارع المكرونة، شارع المكرونة، مكرونة، مكرونة,0.6667,4,0,0,6,success,
RB_0453,general_utterance,المراد | . المروج | المروج | العقيق | العقيق | العقيق | طريق | خريص | مدينة | الملك | فهد | الطبية | مدينة الطبية,المروج. المروج. المروج. المروج. العقيق. العقيق. العقيق. طريق الخلف. مدينة الملك فهد الطبية. مدينة الملك فهد الطبية.,المراد المروج المروج العقيق العقيق العقيق طريق خريص مدينه الملك فهد الطبيه مدينه الطبيه,المروج المروج المروج المروج العقيق العقيق العقيق طريق الخلف مدينه الملك فهد الطبية مدينه الملك فهد الطبية,0.5000,4,0,3,14,success,
RB_0070,general_utterance,اي حوليني أنتظرك تحوليني,إيه، حولي ليها. انتظر، انتظري.,اي حوليني انتظرك تحوليني,ايه، حولي ليها انتظر، انتظري,1.2500,4,0,1,4,success,
RB_0326,branch_code,613 | حايل,13، حائل. 613، حائل.,613 حايل,13، حائل 613، حائل,2.0000,2,0,2,2,success,
RB_0198,general_utterance,إن | ترسيم | طريق | النجاة,30، طريق النجاة.,ان ترسيم طريق النجاه,30، طريق النجاة,0.7500,2,1,0,4,success,
RB_0262,unclear,407 | . ذكريات | الذكريات,407، القريات. القريات.,407 ذكريات الذكريات,407، القريات القريات,1.0000,3,0,0,3,success,
RB_0390,branch_name,ضجر | . بدر بدر,بجر. بجر. بجر.,ضجر بدر بدر,بجر بجر بجر,1.0000,3,0,0,3,success,
RB_0071,general_utterance,بس أنا ما قلت 110 قلت 310,بس أنا ما قلت 110، قلت 310.,بس انا ما قلت 110 قلت 310,بس انا ما قلت 110، قلت 310,0.1429,1,0,0,7,success,
RB_0454,general_utterance,النجاة | النجاة | فرع | النجاة | النجاة | أنماط | نمار | فرع | مار | من | نار,النجاة. النجاة. فرع النجاة. النجاة. نِمار. نِمار. فرع النمار. نِمار.,النجاه النجاه فرع النجاه النجاه انماط نمار فرع مار من نار,النجاة النجاة فرع النجاة النجاة نمار نمار فرع النمار نمار,0.7273,7,1,0,11,success,
RB_0135,general_utterance,لكن | راس | تنورة,307، طاقة النورة.,لكن راس تنوره,307، طاقه النورة,1.0000,3,0,0,3,success,
RB_0199,unclear,هل 366 طريق النجاة,336، طريق النجاة.,هل 366 طريق النجاه,336، طريق النجاة,0.7500,2,1,0,4,success,
RB_0327,branch_code,حايل | 613,613، حائل. 613.,حايل 613,613، حائل 613,1.0000,1,0,1,2,success,
RB_0263,branch_code,ثمانية,8 سكاكا. 408 سكاكا.,8,8 سكاكا 408 سكاكا,3.0000,0,0,3,1,success,
RB_0391,general_utterance,طريق | أمينة | طريق | الميناء | إنها | طريق | ميناء | الميناء,طريق المينا. طريق المينا. طريق المينا. طريق المينا. طريق المينا.,طريق امينه طريق الميناء انها طريق ميناء الميناء,طريق المينا طريق المينا طريق المينا طريق المينا طريق المينا,0.8750,5,0,2,8,success,
RB_0072,branch_code,لا ثلاث مئة وعشره ثلاثة واحد صفر,لا، 310، 310.,لا 117,لا، 310، 310,1.5000,2,0,1,2,success,
RB_0136,general_utterance,الرسمية | وسبعة. رأس تنورة,307، راس النورة.,الرسميه وسبعة راس تنوره,307، راس النورة,0.7500,2,1,0,4,success,
RB_0455,general_utterance,مروى | مروة | مروة | مروة | المصيف | المصيف | المصيف | الواحة | الواحة | الربيع | الطريق | الدائرى | الغربي | الدائري | الغربي | الدائري | الجنوبي | المنصورة | المنصورة | حي | المنصورة. حي المنصورة,مروة. مروة. مروة. مروة. المصيف. المصيف. المصيف. الواحة. الواحة. الربيع. طريق الدائرة الغربي. الدائرة الغربي. الدائرة الجنوبي. المنصورة. المنصورة. حي المنصورة. حي المنصورة.,مروي مروه مروه مروه المصيف المصيف المصيف الواحه الواحه الربيع الطريق الدائري الغربي الدائري الغربي الدائري الجنوبي المنصوره المنصوره حي المنصورة حي المنصوره,مروة مروة مروة مروة المصيف المصيف المصيف الواحة الواحة الربيع طريق الدائره الغربي الدائره الغربي الدائره الجنوبي المنصورة المنصورة حي المنصورة حي المنصورة,0.5652,13,0,0,23,success,
RB_0200,branch_code,357. الدوحة,337، الدوحة.,357 الدوحه,337، الدوحة,1.0000,2,0,0,2,success,
RB_0264,branch_code,408 سكاكا,408، سكاكة.,408 سكاكا,408، سكاكة,1.0000,2,0,0,2,success,
RB_0328,unclear,614. المنطقة الصناعية بحائل,614، المنطقة الصناعية بحائل.,614 المنطقه الصناعيه بحائل,614، المنطقه الصناعيه بحائل,0.2500,1,0,0,4,success,
RB_0392,general_utterance,أي | السلامة | هي | السلامة | أي | السلامة | هي | السلامة | أي السلامة. سلامة,أي السلامة؟ أي السلامة؟ أي السلامة؟ أي السلامة؟ أي السلامة؟ سلامة.,اي السلامه هي السلامه اي السلامه هي السلامه اي السلامة سلامه,اي السلامة؟ اي السلامة؟ اي السلامة؟ اي السلامة؟ اي السلامة؟ سلامة,0.7273,8,0,0,11,success,
RB_0073,general_utterance,ممكن تحولني على التيلر,كم تحويلين على التلف؟,ممكن تحولني علي التيلر,كم تحويلين علي التلف؟,0.7500,3,0,0,4,success,
RB_0456,general_utterance,أحب | أخت | الرب,الربوة. الربوة. الربوة. الربوة.,احب اخت الرب,الربوة الربوة الربوة الربوة,1.3333,3,0,1,3,success,
RB_0074,branch_name,فرع جدة,صرافة جدة.,فرع جده,صرافه جدة,1.0000,2,0,0,2,success,
RB_0137,branch_code,388 | الجبال,308، الجبال.,388 الجبال,308، الجبال,0.5000,1,0,0,2,success,
RB_0265,branch_code,409. تبوك الرئيسي,409، تبوك الرئيسي.,409 تبوك الرئيسي,409، تبوك الرئيسي,0.3333,1,0,0,3,success,
RB_0329,general_utterance,15 | مدينة | الملك | خالد | العسكرية. 615,115، مدينة الملك خالد العسكرية. 615.,15 مدينه الملك خالد العسكرية 615,115، مدينه الملك خالد العسكرية 615,0.1667,1,0,0,6,success,
RB_0393,unclear,,أهلًا.,,اهلا,1.0000,0,0,1,0,success,
RB_0138,branch_name,رسمية | وتسعى,309، دقيق.,رسميه وتسعي,309، دقيق,1.0000,2,0,0,2,success,
RB_0201,general_utterance,نسمي | شارع | الظهران | الشركات | ثلاثمئة وأربعين,340 شارع الظهران، الشركات. 340. 340.,نسمي شارع الظهران الشركات 340,340 شارع الظهران، الشركات 340 340,0.6000,2,0,1,5,success,
RB_0457,branch_code,"A | man | A | man | As | Hello? Can you | hear | me | My | branch code | is | one. Two | Three. Four | Five | My | branch | code | is | one | Two | Three | My | branch | code | is | 103 | My | branch | name | is | Jada | My | branch | name | is | Hello | Hello | Hello | My | branch | code | is | one, two | three | And | my | branch | name | is | Riada","Riyadh Bank. Hello, can you hear me? My branch code is 12345. Um, my branch code is 123. My branch code is 103. My branch name is Jeddah. My branch name is Riyadh. Riyadh. Hello, hello, hello. My branch code is 123, and my branch name is Riyadh. Oh my god. 天哪。 Oh come on.",A man A man As Hello Can you hear me My branch code is one Two Three Four Five My branch code is one Two Three My branch code is 103 My branch name is Jada My branch name is Hello Hello Hello My branch code is one two three And my branch name is Riada,Riyadh Bank Hello can you hear me My branch code is 12345 Um my branch code is 123 My branch code is 103 My branch name is Jeddah My branch name is Riyadh Riyadh Hello hello hello My branch code is 123 and my branch name is Riyadh Oh my god 天哪 Oh come on,0.5714,13,10,9,56,success,
RB_0202,general_utterance,340 | شارع | الظهران | الشركات | . 340 شارع الظهران. الشركات,340 شارع الظهران، الشركات. 340 شارع الظهران، الشركات.,340 شارع الظهران الشركات 340 شارع الظهران الشركات,340 شارع الظهران، الشركات 340 شارع الظهران، الشركات,0.2500,2,0,0,8,success,
RB_0266,unclear,410 | لمهرجان | المهرجان,410، المهرجان. المهرجان.,410 لمهرجان المهرجان,410، المهرجان المهرجان,0.6667,2,0,0,3,success,
RB_0330,general_utterance,الجابرية | 616 | 616. أوكي. ممتاز,الجابريه. 616. 616، أوكي، ممتاز.,الجابريه 616 616 اوكي ممتاز,الجابريه 616 616، اوكي، ممتاز,0.4000,2,0,0,5,success,
RB_0394,general_utterance,I | doubt. الشهداء. الشهداء,رجاء، الشهداء، الشهداء.,I doubt الشهداء الشهداء,رجاء، الشهداء، الشهداء,0.7500,2,1,0,4,success,
RB_0458,unclear,,ألو.,,الو,1.0000,0,0,1,0,success,
RB_0075,general_utterance,طيب حوليني على قسم المساعدة,طيب، حوليني على قسم المساعدة.,طيب حوليني علي قسم المساعده,طيب، حوليني علي قسم المساعدة,0.4000,2,0,0,5,success,
RB_0139,general_utterance,ثلاثمائة | وتسعة | دقيق,9، دقيق. 309، دقيق.,309 دقيق,9، دقيق 309، دقيق,1.5000,1,0,2,2,success,
RB_0267,branch_name,Yeah,أهلًا.,Yeah,اهلا,1.0000,1,0,0,1,success,
RB_0203,general_utterance,ألف | 12 | 02 | غرناطة. شمعة,342، غرناطة. تمام.,الف 12 02 غرناطة شمعه,342، غرناطة تمام,0.8000,2,2,0,5,success,
RB_0331,unclear,تعطش | عنيزة. 617,17، عنيزة. 617.,تعطش عنيزة 617,17، عنيزة 617,0.3333,1,0,0,3,success,
RB_0395,branch_name,حي الشهداء. حي الشهداء,لا، حي الشهداء، حي الشهداء.,حي الشهداء حي الشهداء,لا، حي الشهداء، حي الشهداء,0.5000,1,0,1,4,success,
RB_0076,branch_code,مئة وثلاثة,إيه، 103.,103,ايه، 103,1.0000,0,0,1,1,success,
RB_0459,branch_code,My | My | Hello | Hello. Can you | hear | me | My | branch | code | is one | two | three | And my | French | name | is | German | My | branch | code | is | Alexia | My | French name | is | Adagio | My | French | code | is Adagio,"My, my—hello, hello, can you hear me? Yeah, my branch code is 123, and my branch name is Jade & Mint. My branch code is, uh, Aziziya. My branch name is Aziziya. My branch code is Aziziya.",My My Hello Hello Can you hear me My branch code is one two three And my French name is German My branch code is Alexia My French name is Adagio My French code is Adagio,My myhello hello can you hear me Yeah my branch code is 123 and my branch name is Jade Mint My branch code is uh Aziziya My branch name is Aziziya My branch code is Aziziya,0.5278,13,3,3,36,success,
RB_0140,general_utterance,أو | عشرة | الخفجي,110، الخفجي.,او 10 الخفجي,110، الخفجي,0.6667,1,1,0,3,success,
RB_0204,general_utterance,ثلاثية | غرناطة | ثلاثية غرناطة,342 غرناطة. شو 342؟ حاطين فيه غنا. 342 غرناطة.,ثلاثيه غرناطه ثلاثيه غرناطه,342 غرناطة شو 342؟ حاطين فيه غنا 342 غرناطة,2.2500,4,0,5,4,success,
RB_0268,unclear,,إيش؟ طيب.,,ايش؟ طيب,1.0000,0,0,2,0,success,
RB_0332,general_utterance,داعش في | هذه | الحضرة | 618 | وهذا | الخطرة | رياضة الخضرة,14، رياض الخضرا. 618، رياض الخضرا. رياض الخضرا.,داعش في هذه الحضره 618 وهذا الخطره رياضه الخضره,14، رياض الخضرا 618، رياض الخضرا رياض الخضرا,1.0000,8,1,0,9,success,
RB_0460,unclear,,,,,0.0000,0,0,0,0,success,
RB_0396,general_utterance,المدن | الصناعية | جدة | . المدينة | الصناعية | جدة,جدة. المدينة الصناعية جدة. المدينة الصناعية جدة.,المدن الصناعيه جده المدينه الصناعيه جده,جدة المدينه الصناعيه جدة المدينه الصناعيه جدة,0.6667,3,0,1,6,success,
RB_0077,branch_name,مكة الرئيسي مكة الرئيسي,آه، بنك الرئيسي، بنك الرياض.,مكه الرئيسي مكه الرئيسي,اه، بنك الرئيسي، بنك الرياض,1.2500,4,0,1,4,success,
RB_0141,branch_name,ثلاثمائة | وعشرة. الخفجي,310، الخفجي.,300 وعشرة الخفجي,310، الخفجي,0.6667,1,1,0,3,success,
RB_0205,branch_code,333 غرب الدمام,343 غرب الدمام.,333 غرب الدمام,343 غرب الدمام,0.3333,1,0,0,3,success,
RB_0269,branch_code,411. طيف,411، طريف.,411 طيف,411، طريف,1.0000,2,0,0,2,success,
RB_0333,general_utterance,ينتعش | رياض | الخبراء | 618. رياض الخبراء,18، رياض الخبرة. 618، رياض الخبرة.,ينتعش رياض الخبراء 618 رياض الخبراء,18، رياض الخبرة 618، رياض الخبرة,0.6667,4,0,0,6,success,
RB_0397,general_utterance,المنتزهات | المنتزهات | المنتزهات,المنتزهات. المنتزهات. المنتزهات.,المنتزهات المنتزهات المنتزهات,المنتزهات المنتزهات المنتزهات,0.0000,0,0,0,3,success,
RB_0078,branch_code,فرع 102,فرع 102.,فرع 102,فرع 102,0.0000,0,0,0,2,success,
RB_0142,branch_code,311 الثقبة,311، الثقبة.,311 الثقبه,311، الثقبة,1.0000,2,0,0,2,success,
RB_0206,branch_code,344 كورنيش الدمام,344، كورنيش الدمام.,344 كورنيش الدمام,344، كورنيش الدمام,0.3333,1,0,0,3,success,
RB_0270,unclear,أملك | 413 | أملج,مش أملج. 413، أملج.,املك 413 املج,مش املج 413، املج,1.0000,2,0,1,3,success,
RB_0334,unclear,عاشق | الزلفي | 619,عشق الزلفي. 619.,عاشق الزلفي 619,عشق الزلفي 619,0.3333,1,0,0,3,success,
RB_0461,branch_code,My | My | French | coat | is a one | two | three | and | my | French | name | is | German | German | My | branch | name | is | Riada | My | branch name | is | Riada | Riada | bank | Industri | The name | of,"My—hello, hello—my branch code is 123, and my branch name is JDAMM. JDAMM. Riyadh. My branch name is Riyadh. My branch name is Riyadh. Riyadh Bank. 我这转写都不行啊。 Industry. Riyadh Bank. 那就看这一次电子信件的结果。 嗯，等它用好时间再去。我觉得这一题还是蛮重要的。 对，对，对。哎，对，对。 Medina. 但它还会有——呃，这还得——你这里面还包含了隐私性的，就是那个隐私性的费用，比如打机器人啊，跟打耳飞也是东西。其实出单以后可能就100万。",My My French coat is a one two three and my French name is German German My branch name is Riada My branch name is Riada Riada bank Industri The name of,Myhello hellomy branch code is 123 and my branch name is JDAMM JDAMM Riyadh My branch name is Riyadh My branch name is Riyadh Riyadh Bank 我这转写都不行啊 Industry Riyadh Bank 那就看这一次电子信件的结果 嗯等它用好时间再去我觉得这一题还是蛮重要的 对对对哎对对 Medina 但它还会有呃这还得你这里面还包含了隐私性的就是那个隐私性的费用比如打机器人啊跟打耳飞也是东西其实出单以后可能就100万,0.7812,16,3,6,32,success,
RB_0398,unclear,,طيبة. طيبة. طيبة. طيبة. طيبة.,,طيبة طيبة طيبة طيبة طيبة,1.0000,0,0,5,0,success,
RB_0207,unclear,أنت | 15 | القدس,1145، القدس.,انت 15 القدس,1145، القدس,0.6667,1,1,0,3,success,
RB_0079,branch_code,فرع 106,فرع 106.,فرع 106,فرع 106,0.0000,0,0,0,2,success,
RB_0271,unclear,414 | على | العلا,414 العلا. العلا.,414 علي العلا,414 العلا العلا,0.3333,1,0,0,3,success,
RB_0462,branch_code,"My | branch | code | is | one, two | three | And | my | branch name | is | Jada | And | my | branch | code | is | 155 | And | my | branch | name | is | Rihanna | My | branch | code | is | 125 | and | my | branch | name | is | in | I don't | know | maybe | it's | in | Jada | My | French | code | is | 3000 | and my | branch | code | branch | name | is | is | private | banking | in | Jada | my | branch | name | and | my | branch | name | is | my | My | branch | name | is | Dubai | My | branch name | is | Dubai","My branch code is 123, and my branch name is Jeddah. And my branch code is 155, and my branch name is Riyadh. My branch code is 125, and my branch name is in, um, I don't know, maybe it's in Jeddah men. My branch code is 3000, and my branch code—branch name—is private banking in Jeddah. My branch name, um, my branch name is—my branch name is Dubai.",My branch code is one two three And my branch name is Jada And my branch code is 155 And my branch name is Rihanna My branch code is 125 and my branch name is in I dont know maybe its in Jada My French code is 3000 and my branch code branch name is is private banking in Jada my branch name and my branch name is my My branch name is Dubai My branch name is Dubai,My branch code is 123 and my branch name is Jeddah And my branch code is 155 and my branch name is Riyadh My branch code is 125 and my branch name is in um I dont know maybe its in Jeddah men My branch code is 3000 and my branch codebranch nameis private banking in Jeddah My branch name um my branch name ismy branch name is Dubai,0.3418,13,12,2,79,success,
RB_0335,branch_code,البكيرية | . ستمئة وعشرين,البحيرة. 620.,البكيريه 620,البحيرة 620,0.5000,1,0,0,2,success,
RB_0143,general_utterance,رسمية | 12 | جامعة | الملك | فهد,312، جامعة الملك فهد.,رسميه 12 جامعه الملك فهد,312، جامعه الملك فهد,0.4000,1,1,0,5,success,
RB_0399,branch_name,وقد,أختي.,وقد,اختي,1.0000,1,0,0,1,success,
RB_0080,branch_code,فرع 102,فرع 102.,فرع 102,فرع 102,0.0000,0,0,0,2,success,
RB_0463,general_utterance,"Uh | 101, The | Domain | The | domain. Um",آه، 101 جده مين؟ جده مين؟,Uh 101 The Domain The domain Um,اه، 101 جده مين؟ جده مين؟,0.8571,5,1,0,7,success,
RB_0208,branch_code,355. القدس,345، القدس.,355 القدس,345، القدس,0.5000,1,0,0,2,success,
RB_0144,branch_code,300 | سيهات,313 سيهات.,300 سيهات,313 سيهات,0.5000,1,0,0,2,success,
RB_0336,unclear,21 | الخالدية. 621,621، الخالدية. 621.,21 الخالدية 621,621، الخالدية 621,0.3333,1,0,0,3,success,
RB_0272,unclear,114 | على | 414. العلا,114 العلا. 414 العلا.,114 علي 414 العلا,114 العلا 414 العلا,0.2500,1,0,0,4,success,
RB_0400,general_utterance,طيبة | طيبة | طيبة | طيبة. جدة,صبا. طيبة. طيبة جدًا.,طيبه طيبه طيبه طيبة جده,صبا طيبة طيبه جدا,0.8000,3,1,0,5,success,
RB_0081,branch_code,لا قصدي 103,لا، قصدي 103.,لا قصدي 103,لا، قصدي 103,0.3333,1,0,0,3,success,
RB_0145,branch_code,رسمية | 13 | ساعات | ثلاثية,313 فيهات. 300.,رسميه 13 ساعات ثلاثيه,313 فيهات 300,1.0000,3,1,0,4,success,
RB_0464,general_utterance,Hello | Can you | transfer me | to the | domain | Did | domain | Bank | الدمام | الخبر,آه، hello، can you transfer me to جدة main؟ جدة main؟ Riyad Bank، please. رياض بنك. أمم... الدمام. الدمام. الدمام main. الدمام. الخبر. أمم...,Hello Can you transfer me to the domain Did domain Bank الدمام الخبر,اه، hello، can you transfer me to جده main؟ جده main؟ Riyad Bank، please رياض بنك امم الدمام الدمام الدمام main الدمام الخبر امم,1.3846,7,0,11,13,success,
RB_0273,branch_code,415 خيبر,415 خيبر.,415 خيبر,415 خيبر,0.0000,0,0,0,2,success,
RB_0337,unclear,222 | . البحيرة. 622,622، البحيرة. 622.,222 البحيرة 622,622، البحيرة 622,0.3333,1,0,0,3,success,
RB_0401,branch_name,خدمات المصرفية الخاصة,ألف. هذا بعد المصرفية الخاصة.,خدمات المصرفيه الخاصه,الف هذا بعد المصرفيه الخاصة,1.3333,2,0,2,3,success,
RB_0209,branch_code,316 | المركبات,346، المركبات. 346.,316 المركبات,346، المركبات 346,1.0000,1,0,1,2,success,
RB_0082,branch_code,101,101.,101,101,0.0000,0,0,0,1,success,
RB_0210,branch_code,306 | إثبات,346، المؤثبات.,306 اثبات,346، المؤثبات,1.0000,2,0,0,2,success,
RB_0146,branch_code,ثلاثمائة | وثلاثة | عشر | ساعات | فيها | ساعات,313 سيهات. سيهات. سيهات.,313 ساعات فيها ساعات,313 سيهات سيهات سيهات,0.7500,3,0,0,4,success,
RB_0465,general_utterance,الربوة | الربوة | قرطبة | البديعة | النهضة | الدرعية | Localizer | Localizer | شارع | الستين | طريق | الحجاز | الدلم | سدير | حوطة | سدير | شارع | الأحساء | النسيم | الخبر | الدمام | الرئيسي | الإمام | محمد | الأمير | محمد | الهفوف | المبرز | القطيف | راس | تنورة | الجبيل | بقيق,الربوة. الربوة. قرطبة. البديعة. النهضة. الدرعية. لوكلايزر. لوكلايزر. لوكلايزر. لوكلايزر. شارع الستين. طريق الحجاز. الدلم. حاطة سدير. حاطة سدير. شارع الإحساء. النسيم. الخبر. الدمام الرئيسي. الإمام محمد. الأمير محمد. سوري. الهفوف. المبرز. القطيف. راس النورة. الجبيل. بقيق.,الربوه الربوه قرطبه البديعه النهضه الدرعيه Localizer Localizer شارع الستين طريق الحجاز الدلم سدير حوطه سدير شارع الاحساء النسيم الخبر الدمام الرئيسي الامام محمد الامير محمد الهفوف المبرز القطيف راس تنوره الجبيل بقيق,الربوة الربوة قرطبة البديعة النهضة الدرعية لوكلايزر لوكلايزر لوكلايزر لوكلايزر شارع الستين طريق الحجاز الدلم حاطه سدير حاطه سدير شارع الاحساء النسيم الخبر الدمام الرئيسي الامام محمد الامير محمد سوري الهفوف المبرز القطيف راس النورة الجبيل بقيق,0.4242,10,0,4,33,success,
RB_0274,general_utterance,716 | . مدينة الملك | عبد | العزيز | العسكرية | 416,416، مدينة الملك عبدالعزيز العسكرية. 416.,716 مدينه الملك عبد العزيز العسكريه 416,416، مدينه الملك عبدالعزيز العسكرية 416,0.5714,3,1,0,7,success,
RB_0338,general_utterance,يوم | 24 | . الريان | 24 | 624,124، الريان. 624. 624.,يوم 24 الريان 24 624,124، الريان 624 624,0.6000,2,1,0,5,success,
RB_0466,general_utterance,رأس | تنورة | الجبال | الخفجي | بقيق | الجبيل | الجبيل | الثقبة | الثقبة | جامعة | الملك | فهد | سيهات | المنطقة | المحايدة | صفوى | الخبر | الجفر | جامعة | الملك | فيصل | أرامكو | مول | قاعدة | الجبيل | البحرية. شارع الملك عبد العزيز,راس النورة. الجبيل. بقيق. الخفجي. بقيق. الجبيل. الجبيل. أمم... الثقبة. الثقبة. الثقبة. أمم... جامعة الملك فهد. السيهات. المنطقة المحايدة. صفوا. الخبر. الجفر. جامعة الملك فيصل. أمم... أرامكو مول. قاعدة الجبيل البحرية. شارع ملك عبد العزيز.,راس تنوره الجبال الخفجي بقيق الجبيل الجبيل الثقبه الثقبه جامعه الملك فهد سيهات المنطقه المحايده صفوي الخبر الجفر جامعه الملك فيصل ارامكو مول قاعده الجبيل البحرية شارع الملك عبد العزيز,راس النورة الجبيل بقيق الخفجي بقيق الجبيل الجبيل امم الثقبة الثقبة الثقبة امم جامعه الملك فهد السيهات المنطقه المحايدة صفوا الخبر الجفر جامعه الملك فيصل امم ارامكو مول قاعده الجبيل البحرية شارع ملك عبد العزيز,0.4333,8,0,5,30,success,
RB_0402,general_utterance,سحلية | السحلية | السفلية | السحلية,التحلية. التحلية. التحلية. التحلية.,سحليه السحليه السفليه السحليه,التحلية التحلية التحلية التحلية,1.0000,4,0,0,4,success,
RB_0083,branch_code,لا 105,لا، 105.,لا 105,لا، 105,0.5000,1,0,0,2,success,
RB_0211,unclear,,أهلًا.,,اهلا,1.0000,0,0,1,0,success,
RB_0147,general_utterance,ثلاثمائة | وثلاثة | عشر | سيهات,313 سيهات.,313 سيهات,313 سيهات,0.0000,0,0,0,2,success,
RB_0275,unclear,21 | المروج | تبوك,21، المروج، تبوك.,21 المروج تبوك,21، المروج، تبوك,0.6667,2,0,0,3,success,
RB_0339,general_utterance,خمسين | ألف | ليلة | 359. العليا,50 العليا. 359 العليا.,50 الف ليله 359 العليا,50 العليا 359 العليا,0.4000,1,1,0,5,success,
RB_0403,branch_name,العزيزية. العزيزية,العزيزية. العزيزية.,العزيزية العزيزيه,العزيزية العزيزية,0.5000,1,0,0,2,success,
RB_0084,branch_code,فرع أحد,فرع أحد.,فرع 1,فرع 1,0.0000,0,0,0,2,success,
RB_0467,general_utterance,التلوي | الكلوية | الكلوية | الجبيل الصناعية,الجلوية. الجلوية. الجلوية. الجبيل الصناعية.,التلوي الكلويه الكلويه الجبيل الصناعيه,الجلوية الجلوية الجلوية الجبيل الصناعية,0.8000,4,0,0,5,success,
RB_0404,general_utterance,حي | الزهراء | حي الزهراء. حي الزهراء,حي الزهراء، حي الزهراء، حي الزهراء.,حي الزهراء حي الزهراء حي الزهراء,حي الزهراء، حي الزهراء، حي الزهراء,0.3333,2,0,0,6,success,
RB_0212,branch_code,346. المركبات,346، المركبات.,346 المركبات,346، المركبات,0.5000,1,0,0,2,success,
RB_0148,general_utterance,ثلاثة | المنطقة | المحايدة,314، المنطقة المحايدة.,3 المنطقه المحايده,314، المنطقه المحايدة,0.6667,2,0,0,3,success,
RB_0276,unclear,,أهلًا.,,اهلا,1.0000,0,0,1,0,success,
RB_0340,unclear,359 | العلية | العلية,359 العليا. العليا.,359 العليه العليه,359 العليا العليا,0.6667,2,0,0,3,success,
RB_0085,branch_code,فرع أحد,فرع أحد.,فرع 1,فرع 1,0.0000,0,0,0,2,success,
RB_0277,general_utterance,أربعمئة | وواحد | وعشرين | المروج | تبوك,421، المروج، تبوك.,421 المروج تبوك,421، المروج، تبوك,0.6667,2,0,0,3,success,
RB_0341,general_utterance,فإن | النوعية | نواري 357,النوارية. النوارية 357.,فان النوعيه نواري 357,النوارية النواريه 357,0.7500,2,1,0,4,success,
RB_0213,branch_code,40 مركبات,46، مركبات.,40 مركبات,46، مركبات,0.5000,1,0,0,2,success,
RB_0149,branch_name,رسمية | المنطقة المحايدة,رسمية و14، المنطقة المحايدة.,رسميه المنطقه المحايده,رسميه و14، المنطقه المحايدة,0.6667,1,0,1,3,success,
RB_0405,branch_name,سلطانة | سلطانة. سلطانة,سبحانه، سبحانه، سبحانه، سبحانه.,سلطانه سلطانة سلطانه,سبحانه، سبحانه، سبحانه، سبحانه,1.3333,3,0,1,3,success,
RB_0086,branch_code,لا فرع مئة وسبعة,لا، فرع 107.,لا فرع 107,لا، فرع 107,0.3333,1,0,0,3,success,
RB_0278,unclear,,تمام.,,تمام,1.0000,0,0,1,0,success,
RB_0469,general_utterance,الفيصلية | الفيصلية | الواحة | الراكة | الريان | المزروعة | المزروعة,الفيصلية. الفيصلية. الواحة. الراكة. الريان. المزروعية. المزروعية.,الفيصليه الفيصليه الواحه الراكه الريان المزروعه المزروعه,الفيصلية الفيصلية الواحة الراكة الريان المزروعية المزروعية,0.8571,6,0,0,7,success,
RB_0150,general_utterance,ثلاثمائة | وخمسة | عشر | سلوى,315، سلوى.,315 سلوي,315، سلوى,1.0000,2,0,0,2,success,
RB_0214,general_utterance,23 | 323 | 303 | 304 | 505 | 707 | 711 | 712 | 600,32. 323. 303. 304. 505. 707. 711. 712. 600.,23 323 303 304 505 707 711 712 600,32 323 303 304 505 707 711 712 600,0.1111,1,0,0,9,success,
RB_0342,unclear,رئيسي | 101 | رئيسي,الرئيسي. 101 جدا رئيسي.,رئيسي 101 رئيسي,الرئيسي 101 جدا رئيسي,0.6667,1,0,1,3,success,
RB_0406,branch_name,المروة | المروة,المروة.,المروه المروه,المروة,1.0000,1,1,0,2,success,
RB_0470,general_utterance,منازلة | المنازلة | المنازلة | الشارع | الأول | الفواتير. الفواتير,المنازلة. المنازلة. المنازلة. الشارع الأول. الفناتير. الفناتير.,منازله المنازله المنازله الشارع الاول الفواتير الفواتير,المنازلة المنازلة المنازلة الشارع الاول الفناتير الفناتير,0.7143,5,0,0,7,success,
RB_0151,general_utterance,رسمية | وخمسة | عشر | صفوة | رسمية,315، صفوة. 300.,رسميه 15 صفوه رسميه,315، صفوة 300,1.0000,3,1,0,4,success,
RB_0343,general_utterance,واحد | جدا | رئيسي | مئة | وواحد | جدا | رئيسي,101 جدة الرئيسي. 101 جدة الرئيسي.,1 جدا رئيسي 101 جدا رئيسي,101 جده الرئيسي 101 جده الرئيسي,0.8333,5,0,0,6,success,
RB_0215,branch_name,الفيصلية,347، الفيصلية.,الفيصليه,347، الفيصلية,2.0000,1,0,1,1,success,
RB_0087,branch_code,فرع 109,409.,فرع 109,409,1.0000,1,1,0,2,success,
RB_0468,general_utterance,العيون | تاروت | ابن | خلدون | قرية | العليا | المنطقة | الصناعية | بالهفوف | أم | الحمام | حي | البساتين | الشهابية | شارع | الماجد | الربوة | بالظهران | شارع | النجاح | الدوحة | شارع | الظهران | الشركات | غرناطة | غرب | الدمام | كورنيش | الدمام | القدس | المركبات | المركبات | المركبات,العيون، كاروت، ابن خلدون، قرية العليا. المنطقة الصناعية بالهفوف، أم الحمام، حي البساتين، الشهابية. أمم، شارع الماجد، الربوة بالظهران، شارع النجاح، الدوحة، شارع الظهران الشركات، غرناطة. أمم، غرب الدمام، كورنيش الدمام، القدس، المريكبات. المريكبات، المريكبات.,العيون تاروت ابن خلدون قريه العليا المنطقه الصناعيه بالهفوف ام الحمام حي البساتين الشهابيه شارع الماجد الربوه بالظهران شارع النجاح الدوحه شارع الظهران الشركات غرناطه غرب الدمام كورنيش الدمام القدس المركبات المركبات المركبات,العيون، كاروت، ابن خلدون، قريه العليا المنطقه الصناعيه بالهفوف، ام الحمام، حي البساتين، الشهابية امم، شارع الماجد، الربوه بالظهران، شارع النجاح، الدوحة، شارع الظهران الشركات، غرناطة امم، غرب الدمام، كورنيش الدمام، القدس، المريكبات المريكبات، المريكبات,0.6364,19,0,2,33,success,
RB_0279,general_utterance,421 | المروج | تبوك | 421. المروج. تبوك,421 المروج، تبوك. 421 المروج، تبوك.,421 المروج تبوك 421 المروج تبوك,421 المروج، تبوك 421 المروج، تبوك,0.3333,2,0,0,6,success,
RB_0088,branch_name,فرع قباء,فرع قطر.,فرع قباء,فرع قطر,0.5000,1,0,0,2,success,
RB_0407,general_utterance,City | City | السري | سرعة,السريع. السريع. السريع. السريع. السرعة.,City City السري سرعه,السريع السريع السريع السريع السرعة,1.2500,4,0,1,4,success,
RB_0471,general_utterance,الخزامى | العارية | العليا | العارية | العارية,الخزامى، النعيرية، العلية. النعيرية، النعيرية.,الخزامي العاريه العليا العاريه العاريه,الخزامى، النعيرية، العلية النعيرية، النعيرية,1.0000,5,0,0,5,success,
RB_0216,unclear,,40000.,,40000,1.0000,0,0,1,0,success,
RB_0152,branch_code,316 | الخبر,316، الخبر.,316 الخبر,316، الخبر,0.5000,1,0,0,2,success,
RB_0344,general_utterance,مئة | وستين | الشريفة | مئة | واثنين,صح. 102 الشريفة. 102.,160 الشريفه 102,صح 102 الشريفة 102,1.0000,2,0,1,3,success,
RB_0280,general_utterance,أبهى | خمسمية | أبهة,أبها. 500 أبها.,ابهي خمسميه ابهه,ابها 500 ابها,1.0000,3,0,0,3,success,
RB_0408,general_utterance,حي | العوالي | العوالي | العوالي,هي العوالي، العوالي، العوالي.,حي العوالي العوالي العوالي,هي العوالي، العوالي، العوالي,0.7500,3,0,0,4,success,
RB_0472,general_utterance,أن | . علي | العلي,العليا. العليا.,ان علي العلي,العليا العليا,1.0000,2,1,0,3,success,
RB_0089,branch_code,فرع 114,فرع 114.,فرع 114,فرع 114,0.0000,0,0,0,2,success,
RB_0153,general_utterance,رسمية | وسبعة | الجفر,317، الجفر.,رسميه 7 الجفر,317، الجفر,0.6667,1,1,0,3,success,
RB_0217,branch_name,الفيصلية,347، الفيصلية.,الفيصليه,347، الفيصلية,2.0000,1,0,1,1,success,
RB_0345,unclear,Male | الشريفة | 120,102 الشريفة؟ 102؟,Male الشريفه 120,102 الشريفة؟ 102؟,1.0000,3,0,0,3,success,
RB_0281,branch_name,خمسمية. أبهة,500 أبها.,خمسمية ابهه,500 ابها,1.0000,2,0,0,2,success,
RB_0090,branch_code,فرع 115,715.,فرع 115,715,1.0000,1,1,0,2,success,
RB_0409,branch_name,الصناعية | مكة الصناعية,مكة الصناعية. مكة الصناعية.,الصناعيه مكه الصناعيه,مكه الصناعية مكه الصناعية,1.0000,2,0,1,3,success,
RB_0473,general_utterance,الجسر | . العلي | العلي | الحديثة | عرعر | دومة | الجندل | ضبا | ضبا | حالة | عمار | حقل | حقل | القريات | سكاكا,الجسر. العليا. العليا. الحديثة. عرعر. دومة الجندل. ضبا. ضبا. حالة عمار. حقل. حقل. القريات. سكاكا. سكاكا.,الجسر العلي العلي الحديثه عرعر دومه الجندل ضبا ضبا حاله عمار حقل حقل القريات سكاكا,الجسر العليا العليا الحديثة عرعر دومه الجندل ضبا ضبا حاله عمار حقل حقل القريات سكاكا سكاكا,0.2667,3,0,1,15,success,
RB_0154,branch_code,300 | الجفر,317، الجفر.,300 الجفر,317، الجفر,0.5000,1,0,0,2,success,
RB_0282,general_utterance,ما | يلاحظ | أحد | المسارحة | 501. أحد المسارحة,501، أحد المسارحة. 501، أحد المسارحة.,ما يلاحظ 1 المسارحه 501 1 المسارحه,501، 1 المسارحة 501، 1 المسارحة,0.7143,4,1,0,7,success,
RB_0218,unclear,747 | الفيصلية | 347 الفيصلية,347، الفيصلية. 347، الفيصلية.,747 الفيصليه 347 الفيصليه,347، الفيصلية 347، الفيصلية,1.0000,4,0,0,4,success,
RB_0346,unclear,902 | الشريفة | 102,102 الشريفة؟ 102؟,902 الشريفه 102,102 الشريفة؟ 102؟,1.0000,3,0,0,3,success,
RB_0410,general_utterance,The | abbey | الأستاد | الرياضي | . الأستاد | الرياضي | الرياضي,الرياضي. الأستاذ الرياضي. الأستاذ الرياضي. الأستاذ الرياضي.,The abbey الاستاد الرياضي الاستاد الرياضي الرياضي,الرياضي الاستاذ الرياضي الاستاذ الرياضي الاستاذ الرياضي,0.7143,3,1,1,7,success,
RB_0474,general_utterance,تبوك | . المهرجان | طريف | أملج | العلا | خيبر | المروج | أبها | أحد | المسارحة | بيشة | جازان | خميس | مشيط | النعمان | نجران | سبت | العليا | سبت. العليا,تبوك. المهرجان. طريف. أملج. العلا. خيبر. المروج. أبها. أحد المسارحة. بيشة. جازان. خميس مشيط. النعمان. نجران. سبت العلايا. سبت العلايا.,تبوك المهرجان طريف املج العلا خيبر المروج ابها 1 المسارحه بيشه جازان خميس مشيط النعمان نجران سبت العليا سبت العليا,تبوك المهرجان طريف املج العلا خيبر المروج ابها 1 المسارحة بيشة جازان خميس مشيط النعمان نجران سبت العلايا سبت العلايا,0.2000,4,0,0,20,success,
RB_0091,branch_code,فرمي 115,715.,فرمي 115,715,1.0000,1,1,0,2,success,
RB_0155,branch_code,11 | الجسر,14، الجفر.,11 الجسر,14، الجفر,1.0000,2,0,0,2,success,
RB_0411,general_utterance,المحمدية | المحمدية | محمدية,المحمدية. المحمدية. المحمدية.,المحمديه المحمديه محمديه,المحمدية المحمدية المحمدية,1.0000,3,0,0,3,success,
RB_0219,branch_code,347 | فصلية,347، الفيصلية.,347 فصليه,347، الفيصلية,1.0000,2,0,0,2,success,
RB_0283,branch_code,بيشة | خمسمائة وثلاثة,503. 503.,بيشه 503,503 503,0.5000,1,0,0,2,success,
RB_0347,general_utterance,رد | الرئيس | بريدة | الرئيسي | بريدة | الرئيسي | بريدة الرئيسي,بريده. بريده الرئيسي. بريده الرئيسي. بريده الرئيسي. بريده الرئيسي.,رد الرئيس بريده الرئيسي بريده الرئيسي بريده الرئيسي,بريده بريده الرئيسي بريده الرئيسي بريده الرئيسي بريده الرئيسي,0.3750,2,0,1,8,success,
RB_0475,general_utterance,شرورا | صبيا | الباحة | بلجرشي | وادي | الدواسر | السليل | السليل | السوق | التجاري | أبو | عريش | النماص,شرورة. صبيا. الباحة. بلجرشي. وادي الدواسر. سليل. سليل. السوق التجاري. أبو عريش. النماص.,شرورا صبيا الباحه بلجرشي وادي الدواسر السليل السليل السوق التجاري ابو عريش النماص,شرورة صبيا الباحة بلجرشي وادي الدواسر سليل سليل السوق التجاري ابو عريش النماص,0.3077,4,0,0,13,success,
RB_0092,branch_code,فرع 117,817.,فرع 117,817,1.0000,1,1,0,2,success,
RB_0156,branch_code,300 | الجسر,317، الجفر.,300 الجسر,317، الجفر,1.0000,2,0,0,2,success,
RB_0220,general_utterance,الفيصلية | ثلاثمائة | وسبعة | وأربعين,347، الفيصلية. 347.,الفيصليه 347,347، الفيصلية 347,1.0000,1,0,1,2,success,
RB_0093,branch_code,فرع 119,719.,فرع 119,719,1.0000,1,1,0,2,success,
RB_0284,general_utterance,وأربعة | جازان | خمسمائة | وأربعة,4، جيزان. 504.,4 جازان 504,4، جيزان 504,0.6667,2,0,0,3,success,
RB_0412,general_utterance,طريق | الحرمين | طريق الحرمين. الحرمين,طريق الحرمين. طريق الحرمين. الحرمين.,طريق الحرمين طريق الحرمين الحرمين,طريق الحرمين طريق الحرمين الحرمين,0.0000,0,0,0,5,success,
RB_0221,general_utterance,الرسمية | الفيصلية | ثلاث | مئة | وسبعة | وأربعين,347. الفيصلية. 347.,الرسميه الفيصليه 150,347 الفيصلية 347,1.0000,3,0,0,3,success,
RB_0157,unclear,388 | جامعة الملك فيصل,318، جامعة الملك فيصل.,388 جامعه الملك فيصل,318، جامعه الملك فيصل,0.2500,1,0,0,4,success,
RB_0285,general_utterance,خمسمئة | وخمسة. خميس مشيط,سمشيط. 505، خميس سمشيط.,500 وخمسة خميس مشيط,سمشيط 505، خميس سمشيط,0.7500,3,0,0,4,success,
RB_0348,general_utterance,البريد | الرئيسي | سيدي | الرئيس | بايدن | رئيسي | بريدها | الرئيسي | بايدن | رئيسي | بريده | بريده | بايدن. رئيسي,الرائد الرئيسي. الرائد الرئيسي. الرائد الرئيسي. الرائد الرئيسي. الرائد الرئيسي. الرائد الرئيسي. رائد الرئيسي.,البريد الرئيسي سيدي الرئيس بايدن رئيسي بريدها الرئيسي بايدن رئيسي بريده بريده بايدن رئيسي,الرائد الرئيسي الرائد الرئيسي الرائد الرئيسي الرائد الرئيسي الرائد الرئيسي الرائد الرئيسي رائد الرئيسي,0.8571,12,0,0,14,success,
RB_0477,general_utterance,Hello | Hello | Hello | Hi,هالو، هالو، هالو. حفر الباطن، حائل، المنطقة الصناعية بحائل. حائل، الجاردية.,Hello Hello Hello Hi,هالو، هالو، هالو حفر الباطن، حائل، المنطقه الصناعيه بحائل حائل، الجاردية,2.7500,4,0,7,4,success,
RB_0413,general_utterance,شارع الأمير سلطان. شارع الأمير سلطان,شارع الأمير سلطان، شارع الأمير سلطان.,شارع الامير سلطان شارع الامير سلطان,شارع الامير سلطان، شارع الامير سلطان,0.1667,1,0,0,6,success,
RB_0476,general_utterance,محايل | العريشة | . الغاط | الجردة | المذنب | الرقي | الدوادمي | المجمعة | الرس | الصفراء | الطوية | الأرض | زاوية | الأرض | زاوية,محايل. العريشة. الغاب. الجردة. المذنب. الرقي. الدوادمي. المجمعة. الرس. الصفراء. الأرطاوية. الأرطاوية.,محايل العريشه الغاط الجرده المذنب الرقي الدوادمي المجمعه الرس الصفراء الطويه الارض زاويه الارض زاويه,محايل العريشة الغاب الجردة المذنب الرقي الدوادمي المجمعة الرس الصفراء الارطاوية الارطاوية,0.6000,6,3,0,15,success,
RB_0349,general_utterance,طريق | الرئيسي | البريد | الرئيسي | بريدة | بريدة الرئيسي,بريدة. بريدة. بريد الرئيسي. بريد الرئيسي. بريدة. بريد الرئيسي.,طريق الرئيسي البريد الرئيسي بريده بريده الرئيسي,بريدة بريدة بريد الرئيسي بريد الرئيسي بريدة بريد الرئيسي,0.8571,4,0,2,7,success,
